videoId,title,duration,metadataRows,url,thumbnail
pfre4MYwA3E,मन शांत नही रहता ? तो ये करो! #meditation ,5:58,"[['301 views', '2 months ago']]",https://www.youtube.com/watch?v=pfre4MYwA3E,https://i.ytimg.com/vi/pfre4MYwA3E/hqdefault.jpg?sqp=-oaymwEcCNACELwBSFXyq4qpAw4IARUAAIhCGAFwAcABBg==&rs=AOn4CLAjMKEqpRz-bbBCklRr6AvVJ2D8gw
76Crac0JAkg,✅ध्यान और समाध के अनुभव experiences of meditation and samadhi buddhist techniques #meditation,38:38,"[['213 views', '3 months ago']]",https://www.youtube.com/watch?v=76Crac0JAkg,https://i.ytimg.com/an_webp/76Crac0JAkg/mqdefault_6s.webp?du=3000&sqp=CPDxsNMG&rs=AOn4CLBaLsiwOMbZx0KVF9S27Cy8Ck9y7Q
Aac5KfHIXQU,"✅The secret of holding your breath, get immense life force Deep Breathing Techniques #meditation",33:17,"[['615 views', '4 months ago']]",https://www.youtube.com/watch?v=Aac5KfHIXQU,https://i.ytimg.com/an_webp/Aac5KfHIXQU/mqdefault_6s.webp?du=3000&sqp=CPXqsNMG&rs=AOn4CLDVpXFkibYQkKDKtjtDjcJFccuufQ
VpN23Sn3Bls,✅Focus on your breathing Buddhist Meditation Techniques Buddha Techniques #meditation,43:55,"[['698 views', '4 months ago']]",https://www.youtube.com/watch?v=VpN23Sn3Bls,https://i.ytimg.com/an_webp/VpN23Sn3Bls/mqdefault_6s.webp?du=3000&sqp=CPbCsNMG&rs=AOn4CLBQhW0T1ER-iC1xIGg7R1g2pDCQpw
g6tu4v_R38Q,✅कैसे जागृत करें तीसरी आँख सिर्फ 5 मिनट में असर दिखेगा Third Eye Activation in 5 Minutes,25:16,"[['121 views', '4 months ago']]",https://www.youtube.com/watch?v=g6tu4v_R38Q,https://i.ytimg.com/an_webp/g6tu4v_R38Q/mqdefault_6s.webp?du=3000&sqp=CLSDsdMG&rs=AOn4CLCgk2KgRY1EufM68p5lW-73VG6XtA
bxg9jdex0h0,✅सुषुम्ना नाडी को कैसे जागृत करें How to awaken the Sushumna Nadi Inspired Club #meditation,24:53,"[['333 views', '4 months ago']]",https://www.youtube.com/watch?v=bxg9jdex0h0,https://i.ytimg.com/an_webp/bxg9jdex0h0/mqdefault_6s.webp?du=3000&sqp=CNb4sNMG&rs=AOn4CLCZLwZcHuUWD9SrKpFcPs3Dg80oAA
lawO-L9cTAs,✅️ध्यान की सरल विधि नाक से नाभ तक 50 सांस । the easiest way to meditate #meditation,29:55,"[['295 views', '4 months ago']]",https://www.youtube.com/watch?v=lawO-L9cTAs,https://i.ytimg.com/an_webp/lawO-L9cTAs/mqdefault_6s.webp?du=3000&sqp=CJyAsdMG&rs=AOn4CLAr03MEAZIR33nXxOAjWRGAPgySzw
NYzlnZrNu0w,✅️ध्यान मे  सांसो  का महत्व The importance of breathing in meditation #meditation,36:15,"[['941 views', '4 months ago']]",https://www.youtube.com/watch?v=NYzlnZrNu0w,https://i.ytimg.com/an_webp/NYzlnZrNu0w/mqdefault_6s.webp?du=3000&sqp=CLTisNMG&rs=AOn4CLCylGjKXAbt30aTJ40HcKrBtF1HJg
9fSBTqydy9I,✅101 साँस का रहस्य सिर्फ 7 दिन कर के देखें Breathing Manifestation buddhist Meditation #meditation ,31:13,"[['237 views', '5 months ago']]",https://www.youtube.com/watch?v=9fSBTqydy9I,https://i.ytimg.com/an_webp/9fSBTqydy9I/mqdefault_6s.webp?du=3000&sqp=CJyAsdMG&rs=AOn4CLBsQGauZGcSGQ9Qt8L9h8hLgBLJGQ
PXgeKR-eFg0,"✅नाभ से सांस लेने का रहस्य The secret of navel breathing, Buddhist MeditationTechniques#meditation",27:59,"[['1.6K views', '5 months ago']]",https://www.youtube.com/watch?v=PXgeKR-eFg0,https://i.ytimg.com/vi/PXgeKR-eFg0/hqdefault.jpg?sqp=-oaymwEcCNACELwBSFXyq4qpAw4IARUAAIhCGAFwAcABBg==&rs=AOn4CLC3twfRHC62bjo-fEczq_ZXD8ZGAg
IVm23fW9YwU,✅️ब्रह्म मुहूर्त मे  उठकर करे यह काम ईश्वर से जुड़न  का अद्भुत रहस्य #meditaion#brahmmuhurt,25:52,"[['162 views', '5 months ago']]",https://www.youtube.com/watch?v=IVm23fW9YwU,https://i.ytimg.com/an_webp/IVm23fW9YwU/mqdefault_6s.webp?du=3000&sqp=CLnzsNMG&rs=AOn4CLDjskiauT-tHGUOTyqt_bCXPlLDDg
XzW6_qPIW_o,"✅सांस रोको चमत्कार देखो, जीवन बदल जाएगा The easiest way to meditate, Buddhistmeditation #meditation ",30:00,"[['53 views', '5 months ago']]",https://www.youtube.com/watch?v=XzW6_qPIW_o,https://i.ytimg.com/an_webp/XzW6_qPIW_o/mqdefault_6s.webp?du=3000&sqp=CMaMsdMG&rs=AOn4CLBn-H3f0kHr5o41DtNupZNHl0vmcg
ATrA5Dzl8-I,✅ध्यान करते समय सांस लेने का सही तरीका जानिए Gautam Buddha motivation on mind power #meditation,30:18,"[['1K views', '5 months ago']]",https://www.youtube.com/watch?v=ATrA5Dzl8-I,https://i.ytimg.com/an_webp/ATrA5Dzl8-I/mqdefault_6s.webp?du=3000&sqp=CL6AsdMG&rs=AOn4CLBpg2u_IKKM9l5XAZVGEGK0brL_0w
cNm6cTbxS5w,✅साँस और नाभ  का चमत्कारी रहस्य ध्यान करने की सबस े सरल तकनीक #meditation,30:04,"[['226 views', '5 months ago']]",https://www.youtube.com/watch?v=cNm6cTbxS5w,https://i.ytimg.com/an_webp/cNm6cTbxS5w/mqdefault_6s.webp?du=3000&sqp=CLjDsNMG&rs=AOn4CLAmcQEUYMIyTtnALhfD9jXpFEHbQQ
N_y6xmitTjk,"✅️साँस रोको, मन की शक्ति जगाओ Breath Control Mind Power Gautam Buddha #meditation",29:27,"[['976 views', '5 months ago']]",https://www.youtube.com/watch?v=N_y6xmitTjk,https://i.ytimg.com/an_webp/N_y6xmitTjk/mqdefault_6s.webp?du=3000&sqp=CJiDsdMG&rs=AOn4CLAMI-WoWtsVY0nOVGaJNob5sDKRnw
z-W0dsQsAPM,✅️गहरी शून्यता में प्रवेश हेत महाध्यान साधना नींद मे भी ध्यान कैसे करें #meditation,30:07,"[['348 views', '5 months ago']]",https://www.youtube.com/watch?v=z-W0dsQsAPM,https://i.ytimg.com/an_webp/z-W0dsQsAPM/mqdefault_6s.webp?du=3000&sqp=CLGKsdMG&rs=AOn4CLAtm2kzA3lcEYnnPPGuznOnDp9iNg
VvZr5xZyWhs,✅️ध्यान की सरल विधि । नाक से नाभ  तक 50 सांस । the easiest way to meditate #meditation,29:52,"[['876 views', '5 months ago']]",https://www.youtube.com/watch?v=VvZr5xZyWhs,https://i.ytimg.com/an_webp/VvZr5xZyWhs/mqdefault_6s.webp?du=3000&sqp=CLKJsdMG&rs=AOn4CLARdsiA4T7hkiwOKaogbneYXpyarg
bhvm-8yP7xo,✅️बौद्ध धर्म के अनुसार ध्यान में प्रवेश करने का सही तरीका The Right Way toEnterMeditation#Meditation,28:09,"[['269 views', '5 months ago']]",https://www.youtube.com/watch?v=bhvm-8yP7xo,https://i.ytimg.com/an_webp/bhvm-8yP7xo/mqdefault_6s.webp?du=3000&sqp=CJCEsdMG&rs=AOn4CLC0jEZZqbA29S2H7mresCV7m1Rj9A
CTJlrVunEqU,✅️Hold your breath and see the miracle. A miracle will happen in 7days.Third Eye Opening.#meditation,31:07,"[['195 views', '5 months ago']]",https://www.youtube.com/watch?v=CTJlrVunEqU,https://i.ytimg.com/an_webp/CTJlrVunEqU/mqdefault_6s.webp?du=3000&sqp=CPf4sNMG&rs=AOn4CLDpfojU2NYvNNVAo70eWLQoLy5SZA
3jOhwZMvcQ4,✅️साँस की महाशक्ति का अनुभव जीवन बदलने वाली श्वास विधि Buddha motivation on mind power #meditation,29:54,"[['747 views', '6 months ago']]",https://www.youtube.com/watch?v=3jOhwZMvcQ4,https://i.ytimg.com/an_webp/3jOhwZMvcQ4/mqdefault_6s.webp?du=3000&sqp=CI7esNMG&rs=AOn4CLAHKIdwPUkj3YJO6GaFzCE1BwvXfg
Y73Uu83CJes,✅️साँस रोको खेल देखो चेतना का गूढ  रहस्य ध्यान कैसे करें The Easiest Way to Meditate#meditation,29:56,"[['230 views', '6 months ago']]",https://www.youtube.com/watch?v=Y73Uu83CJes,https://i.ytimg.com/vi/Y73Uu83CJes/hqdefault.jpg?sqp=-oaymwEcCNACELwBSFXyq4qpAw4IARUAAIhCGAFwAcABBg==&rs=AOn4CLC6ImHu8H4g0L87Xm-PxxaSsM0nDg
IKdXtnOc9Ko,"✅ध्यान में कैसे देखे, सोचोगे वही मिलेगा, Gautam Buddha motivation on mind power#meditation",23:29,"[['322 views', '6 months ago']]",https://www.youtube.com/watch?v=IKdXtnOc9Ko,https://i.ytimg.com/an_webp/IKdXtnOc9Ko/mqdefault_6s.webp?du=3000&sqp=CJyDsdMG&rs=AOn4CLAMYNy7FSuM20i31safolMk3DxHSg
Hltb7AR6uoI,✅सांस और मन का संबंध | Right Way of Breathig In Yog Science|BuddhistMeditation Techniques#meditation,40:00,"[['1.7K views', '6 months ago']]",https://www.youtube.com/watch?v=Hltb7AR6uoI,https://i.ytimg.com/an_webp/Hltb7AR6uoI/mqdefault_6s.webp?du=3000&sqp=CO7RsNMG&rs=AOn4CLAFNetIT27hMZPURqdJH0lZJWQi7Q
HpWovMlAKjk,ध्यान मे साँस लो और चमत्कार देखो सही तरीके से ध्यान कैसे करें सरल ध्यान विधि #meditation,29:50,"[['303 views', '6 months ago']]",https://www.youtube.com/watch?v=HpWovMlAKjk,https://i.ytimg.com/an_webp/HpWovMlAKjk/mqdefault_6s.webp?du=3000&sqp=CNyBsdMG&rs=AOn4CLCScaDwcEP1BiqNxBfaRY2hHvcIIQ
-ypWsEE9cEo,✅ध्यान में प्रवेश करने का सही तरीका Buddhist Meditation Techniques Buddha Techniques #Meditation ,29:55,"[['1.4K views', '6 months ago']]",https://www.youtube.com/watch?v=-ypWsEE9cEo,https://i.ytimg.com/an_webp/-ypWsEE9cEo/mqdefault_6s.webp?du=3000&sqp=CLKBsdMG&rs=AOn4CLBeWaPfLD-vAwUvbHM5Rbp2oQAgcw
LrfGMoZOXNg,✅सांस और मन का संबंध Right Way of Breathig In Yog Science Buddhist Meditation Techniques#Meditation ,33:30,"[['1.4K views', '6 months ago']]",https://www.youtube.com/watch?v=LrfGMoZOXNg,https://i.ytimg.com/an_webp/LrfGMoZOXNg/mqdefault_6s.webp?du=3000&sqp=CKD4sNMG&rs=AOn4CLBbWur_DJDD-I9Dsb9LL2nesbFyOw
yZaiZQ7A5Qk, ध्यान मे जाने की सबसे सरल विधि । the easiest way to meditate l deepmeditation #meditation ,30:40,"[['448 views', '6 months ago']]",https://www.youtube.com/watch?v=yZaiZQ7A5Qk,https://i.ytimg.com/an_webp/yZaiZQ7A5Qk/mqdefault_6s.webp?du=3000&sqp=CJ_WsNMG&rs=AOn4CLB7qo_wW_iqjI65aqGI_m7TEZU4Ug
8EwdHq2w_Vk,✅अपनी सांसो पर ध्यान केंद्रित करो Buddhist Meditation Techniques Buddha Techniques #meditation,43:31,"[['1.8K views', '6 months ago']]",https://www.youtube.com/watch?v=8EwdHq2w_Vk,https://i.ytimg.com/an_webp/8EwdHq2w_Vk/mqdefault_6s.webp?du=3000&sqp=COKNsdMG&rs=AOn4CLDYGirQOAg_W_nDf5Oo_kRNpgm6pw
ydIrgAwQZvA,"✅ध्यान करते समय सांस कैसे लेना चाहिए, Dhyan ke samay sans kaise Lena chahie #meditation",35:04,"[['952 views', '6 months ago']]",https://www.youtube.com/watch?v=ydIrgAwQZvA,https://i.ytimg.com/an_webp/ydIrgAwQZvA/mqdefault_6s.webp?du=3000&sqp=CKDnsNMG&rs=AOn4CLCx0P3gkxa1ZbtMSCdrbCqTCLe71A
5ndeJgv-nXQ,"✅ब्रह्म मुहूर्त का रहस्य, सुबह 4:30 का समय क्यों बदल देता है जीवन #Brahma Muhurta #meditation",20:42,"[['655 views', '6 months ago']]",https://www.youtube.com/watch?v=5ndeJgv-nXQ,https://i.ytimg.com/an_webp/5ndeJgv-nXQ/mqdefault_6s.webp?du=3000&sqp=CKzCsNMG&rs=AOn4CLAhMEjxxzdo6yS35Q9XbpQn8J5scA
K-a3NUg0Kos,✅1000 साल पुरानी रहस्यमयी ध्यान विधि जीवन मे  चमत्कार होने लगेंग AncientMeditationSecrets#meditation,27:52,"[['302 views', '6 months ago']]",https://www.youtube.com/watch?v=K-a3NUg0Kos,https://i.ytimg.com/an_webp/K-a3NUg0Kos/mqdefault_6s.webp?du=3000&sqp=CNPMsNMG&rs=AOn4CLBNXWMVHfLcBXlE601iybd5Lu__eg
cSvoeaeTWuA,✅मुंह से सांस रुको जिंदगी बदल जाएगी Breathing Manifestation New Meditation Techniques #meditation,25:34,"[['573 views', '6 months ago']]",https://www.youtube.com/watch?v=cSvoeaeTWuA,https://i.ytimg.com/an_webp/cSvoeaeTWuA/mqdefault_6s.webp?du=3000&sqp=CLDzsNMG&rs=AOn4CLBwQZjc6m4-ig_oY6uX_Q4qaICarA
BRKEqgseOQs,✅मन शुद्ध रखना हमेशा जीत मिलेगी Buddhist motivational Story on the Way Of Living #meditation ,37:04,"[['749 views', '7 months ago']]",https://www.youtube.com/watch?v=BRKEqgseOQs,https://i.ytimg.com/an_webp/BRKEqgseOQs/mqdefault_6s.webp?du=3000&sqp=CMjtsNMG&rs=AOn4CLCBB75Kjo1lOxPwelL26bfkXoGS7A
RX9hIQqg_SI,✅पेट से सांस लो जिंदगी बदल जाएगी Breathing Meditation Techniques MeditationTechniques #meditation,33:14,"[['2.2K views', '7 months ago']]",https://www.youtube.com/watch?v=RX9hIQqg_SI,https://i.ytimg.com/an_webp/RX9hIQqg_SI/mqdefault_6s.webp?du=3000&sqp=CI7csNMG&rs=AOn4CLCEFOCWsb-Kf4j73-PnBBCYpOc_gw
Bse1DZOQGsE,🔔सिर्फ सांस पर ध्यान करो 100 साल पुरानी ध्यान विधि | 10 मिनट Meditation #meditation ,34:36,"[['634 views', '7 months ago']]",https://www.youtube.com/watch?v=Bse1DZOQGsE,https://i.ytimg.com/an_webp/Bse1DZOQGsE/mqdefault_6s.webp?du=3000&sqp=CPP5sNMG&rs=AOn4CLCuMr0ksolZInlyAzAdxkBwm57Bcg
XbzXh6l7Ioc,"✅️Wake up between 3 am and 5 am and do this work in Brahma Muhurta, you will get whatever you want .",28:44,"[['281 views', '7 months ago']]",https://www.youtube.com/watch?v=XbzXh6l7Ioc,https://i.ytimg.com/an_webp/XbzXh6l7Ioc/mqdefault_6s.webp?du=3000&sqp=CIvusNMG&rs=AOn4CLCFObzNLaO4dU3vaw6l4KEzdlhngw
z2DAjJZkAxE,"चाह कोई कितना भी ख़ास क्यों न हो, ये 7 बातें हमेशा छुपाकर रखना - चाणक्य नीति -chanakya Niti",12:03,"[['332 views', '7 months ago']]",https://www.youtube.com/watch?v=z2DAjJZkAxE,https://i.ytimg.com/an_webp/z2DAjJZkAxE/mqdefault_6s.webp?du=3000&sqp=CI_dsNMG&rs=AOn4CLCcgJn7FlVoyVmBB3dIhs538eOLuQ
vtuqucNwpWY,"✅ध्यान के दौरान होने वाले अजीब अनुभव, डरें नही आगे बढ़ें Meditation Techniques #meditation ",28:09,"[['326 views', '7 months ago']]",https://www.youtube.com/watch?v=vtuqucNwpWY,https://i.ytimg.com/an_webp/vtuqucNwpWY/mqdefault_6s.webp?du=3000&sqp=CJT1sNMG&rs=AOn4CLApDS0I45CyKtqn7NB4bmzjgrTqtA
wUSGfD4bUzg,✅️ध्यान में ऊर्जा कैसे जागृत करे पूरा रहस्य Inspired Club #meditation #motivation,26:05,"[['251 views', '7 months ago']]",https://www.youtube.com/watch?v=wUSGfD4bUzg,https://i.ytimg.com/an_webp/wUSGfD4bUzg/mqdefault_6s.webp?du=3000&sqp=CNjusNMG&rs=AOn4CLCdegMnHYwvjv1LYm_cobkVEQr8yg
sXSmu5hk_34,✅️सांस लेने का सही तरीका जो बदल देगा आपकी ज़िंदगी ! Naval Breathing Technique Naval Medication,24:56,"[['2K views', '7 months ago']]",https://www.youtube.com/watch?v=sXSmu5hk_34,https://i.ytimg.com/an_webp/sXSmu5hk_34/mqdefault_6s.webp?du=3000&sqp=CIz3sNMG&rs=AOn4CLDLIVljDyl0mR_Ms29RapYXXJQ3wg
rInkxt-Ssk8,✅️सुबह उठते ही सबसे पहले ये करो यूनिवर्स आपकी इच्छा पूरी करेगी Law Of Attraction Morning Affirmation,23:31,"[['215 views', '7 months ago']]",https://www.youtube.com/watch?v=rInkxt-Ssk8,https://i.ytimg.com/an_webp/rInkxt-Ssk8/mqdefault_6s.webp?du=3000&sqp=CPb0sNMG&rs=AOn4CLDn6_IfVMCl58XJwFVdx3JXZSizHg
bPRPRQZ-1vg,"✅️कपालभाती प्राणायाम कैसे और क्यों करे, १२० फायद Kapalbhati Pranayama #meditation",18:33,"[['177 views', '7 months ago']]",https://www.youtube.com/watch?v=bPRPRQZ-1vg,https://i.ytimg.com/an_webp/bPRPRQZ-1vg/mqdefault_6s.webp?du=3000&sqp=COD5sNMG&rs=AOn4CLDfH6SLA2HRFgwq2hdTCCZIvXz2cQ
426QAaaZHFQ,The easiest method to go into Samadhi Powerful Meditation Buddhist Meditation Techniques #Meditation,29:01,[['7 months ago']],https://www.youtube.com/watch?v=426QAaaZHFQ,https://i.ytimg.com/vi/426QAaaZHFQ/hqdefault.jpg?sqp=-oaymwEcCNACELwBSFXyq4qpAw4IARUAAIhCGAFwAcABBg==&rs=AOn4CLAjcOWBXsZOvisGcM3-e5qGoYIzKw
qldTy3oulB4,✅ जब भगवान किसी को चुन लेते तो शरीर में दिखते हैं ये 7 दिव्य संकेत ! #meditation,30:35,"[['898 views', '7 months ago']]",https://www.youtube.com/watch?v=qldTy3oulB4,https://i.ytimg.com/an_webp/qldTy3oulB4/mqdefault_6s.webp?du=3000&sqp=CMj7sNMG&rs=AOn4CLBaSukoHM22VlRSpbLPLU1zjJbG7g
0uETe7DQE1w,✅शक्तिशाली महा ध्यान जहा मन शांत और अहंकार शून्य होता है Powerful Maha Meditation #meditation,35:08,"[['1.2K views', '7 months ago']]",https://www.youtube.com/watch?v=0uETe7DQE1w,https://i.ytimg.com/an_webp/0uETe7DQE1w/mqdefault_6s.webp?du=3000&sqp=CICDsdMG&rs=AOn4CLBF8vRlhJefrxGXkSxJvqepyNgnrw
n7kzF2uokLY,"✅मन को ध्यान में कैसे लगाएं How Mind Support in Deep Meditation, BuddhistMeditation Techniques#peace",26:54,"[['855 views', '7 months ago']]",https://www.youtube.com/watch?v=n7kzF2uokLY,https://i.ytimg.com/an_webp/n7kzF2uokLY/mqdefault_6s.webp?du=3000&sqp=CMaLsdMG&rs=AOn4CLAhSS1R-uO3BeGjxsG5XuY5nwfzTg
s_2NFqhuFag,✅ध्यान Why can't you enter into meditation? New Meditation Techniques Meditation For Beginners,32:34,"[['1.1K views', '7 months ago']]",https://www.youtube.com/watch?v=s_2NFqhuFag,https://i.ytimg.com/an_webp/s_2NFqhuFag/mqdefault_6s.webp?du=3000&sqp=CLiIsdMG&rs=AOn4CLAAJnnGCRIxnSsMHLpniig5cB95ag
ZCLmYkY6LIQ,✅️नाक से सांस लेने की गुप्त विधि जो आपकी जिंदगी बदल देगी Breathing Manifestation Buddhist Techniques,35:12,"[['25K views', '7 months ago']]",https://www.youtube.com/watch?v=ZCLmYkY6LIQ,https://i.ytimg.com/an_webp/ZCLmYkY6LIQ/mqdefault_6s.webp?du=3000&sqp=CNiDsdMG&rs=AOn4CLCTRqsHbfnOAW3PG8SZRMFGxGgJZw
2JzbdW4ijPg,पेट से सांस लो जिंदगी बदल जाएगी Breathing Meditation Techniques Meditation Techniques #Meditation ,31:55,"[['2.8K views', '8 months ago']]",https://www.youtube.com/watch?v=2JzbdW4ijPg,https://i.ytimg.com/an_webp/2JzbdW4ijPg/mqdefault_6s.webp?du=3000&sqp=CNDWsNMG&rs=AOn4CLCIwDljJ12kJYp43izBbG5YALciVg
v9jNn2YsWz4,✅अपनी सांसो पर ध्यान केंद्रित करो Buddhist Meditation Techniques Buddha Techniques #meditation,44:04,"[['15K views', '8 months ago']]",https://www.youtube.com/watch?v=v9jNn2YsWz4,https://i.ytimg.com/an_webp/v9jNn2YsWz4/mqdefault_6s.webp?du=3000&sqp=CILOsNMG&rs=AOn4CLBT1rIhqAbVh3etN4EUJp2YMXfDNQ
2Oq257Gjtjg,ध्यान और समाधि के अनुभव🧘 experiences of meditation and samadhi buddhist meditation techniques ,38:46,"[['537 views', '8 months ago']]",https://www.youtube.com/watch?v=2Oq257Gjtjg,https://i.ytimg.com/an_webp/2Oq257Gjtjg/mqdefault_6s.webp?du=3000&sqp=CLD5sNMG&rs=AOn4CLBPZQmnb-bog6KacurxQWRqO5vyhQ
J3o5T0eygYA,ब्रह्म मुहूर्त में ध्यान करने से आत्मा कहा  जाती ह Secrets of Early Morning Meditation #meditation ,30:17,"[['412 views', '8 months ago']]",https://www.youtube.com/watch?v=J3o5T0eygYA,https://i.ytimg.com/an_webp/J3o5T0eygYA/mqdefault_6s.webp?du=3000&sqp=CJDTsNMG&rs=AOn4CLD1D4-QxuN44l5eDc3eYJmykprhzg
RWm9gevJFKc,"✅By applying oil in the navel, all the diseases of the body will disappear, Buddhist Story to Get...",29:31,"[['164 views', '8 months ago']]",https://www.youtube.com/watch?v=RWm9gevJFKc,https://i.ytimg.com/an_webp/RWm9gevJFKc/mqdefault_6s.webp?du=3000&sqp=CKn3sNMG&rs=AOn4CLDCgYmORUyTCzUS2qf66fTd-CCB2g
1932Ipf6hAU,✅ध्यान मे सांसो  का महत्व The importance of breathing in meditation #meditation,35:50,"[['1K views', '8 months ago']]",https://www.youtube.com/watch?v=1932Ipf6hAU,https://i.ytimg.com/an_webp/1932Ipf6hAU/mqdefault_6s.webp?du=3000&sqp=CO-CsdMG&rs=AOn4CLCYfs9sCriUX5d-j2ir6m6FvGrxWQ
vR6ehDVe3M0,ब्रह्म मुहूर्त में ध्यान करने से आत्मा कहा जाती ह Secrets of Early Morning Meditation #meditation ,14:18,"[['630 views', '8 months ago']]",https://www.youtube.com/watch?v=vR6ehDVe3M0,https://i.ytimg.com/an_webp/vR6ehDVe3M0/mqdefault_6s.webp?du=3000&sqp=CLz8sNMG&rs=AOn4CLB9fvuVSg-EAeukjLt2toiIu5wmdQ
p0ET-JXIUNk,सुषुम्ना नाडी को कैसे जागृत करें How to awaken the Sushumna Nadi Inspired Club #meditation ,1:44,"[['128 views', '8 months ago']]",https://www.youtube.com/watch?v=p0ET-JXIUNk,https://i.ytimg.com/vi/p0ET-JXIUNk/hqdefault.jpg?sqp=-oaymwEcCNACELwBSFXyq4qpAw4IARUAAIhCGAFwAcABBg==&rs=AOn4CLDpCDtRmaTTa5n2OyvpfY6FQTy8Ew
