downloaded_at,pin_id,url,title,uploader,duration,raw_file,shorts_file,mode,status,note
2026-08-30T11:14:47,663929170112969650,https://www.pinterest.com/pin/663929170112969650/,Mahadev Dark Aesthetic Reel 🔱,Vanta Visn,7.133,/home/runner/work/peace-reels-automation/peace-reels-automation/pin2shorts/downloads/663929170112969650.mp4,/home/runner/work/peace-reels-automation/peace-reels-automation/pin2shorts/shorts/663929170112969650_blur.mp4,blur,rendered,7.2s of 7.2s
2026-08-30T11:14:54,583638433008791960,https://www.pinterest.com/pin/583638433008791960/,,,,,,,failed,"ERROR: [Pinterest] 583638433008791960: No video formats found!; please report this issue on  https://github.com/yt-dlp/yt-dlp/issues?q= , filling out the appropriate issue template. Confirm you are on the latest version using  yt-dlp -U"
2026-08-30T15:10:51,83105555620115949,https://www.pinterest.com/pin/83105555620115949/,The Divine Journey of Lord Shiva | Cinematic AI Art,Ai.art.mahadevv,10.0,/home/runner/work/peace-reels-automation/peace-reels-automation/pin2shorts/downloads/83105555620115949.mp4,/home/runner/work/peace-reels-automation/peace-reels-automation/pin2shorts/shorts/83105555620115949_blur.mp4,blur,rendered,10.0s of 10.0s
2026-08-30T15:11:04,12173861490119950,https://www.pinterest.com/pin/12173861490119950/,Mahadev Ka Sabse Powerful Video ⚡,Radha Krishna Vibes,35.208,/home/runner/work/peace-reels-automation/peace-reels-automation/pin2shorts/downloads/12173861490119950.mp4,/home/runner/work/peace-reels-automation/peace-reels-automation/pin2shorts/shorts/12173861490119950_blur.mp4,blur,rendered,35.2s of 35.2s
2026-08-30T19:26:02,1407443629958806,https://www.pinterest.com/pin/1407443629958806/,MAHAKAAL,रॉमियो x अस्सिक,23.733,/home/runner/work/peace-reels-automation/peace-reels-automation/pin2shorts/downloads/1407443629958806.mp4,/home/runner/work/peace-reels-automation/peace-reels-automation/pin2shorts/shorts/1407443629958806_blur.mp4,blur,rendered,23.8s of 23.8s
2026-08-30T19:26:25,568790627960830854,https://www.pinterest.com/pin/568790627960830854/,,,,,,,failed,"ERROR: [Pinterest] 568790627960830854: No video formats found!; please report this issue on  https://github.com/yt-dlp/yt-dlp/issues?q= , filling out the appropriate issue template. Confirm you are on the latest version using  yt-dlp -U"
2026-08-31T09:20:05,1084593522789030474,https://www.pinterest.com/pin/1084593522789030474/,,,,,,,failed,"ERROR: [Pinterest] 1084593522789030474: No video formats found!; please report this issue on  https://github.com/yt-dlp/yt-dlp/issues?q= , filling out the appropriate issue template. Confirm you are on the latest version using  yt-dlp -U"
2026-08-31T09:20:08,83105555620115940,https://www.pinterest.com/pin/83105555620115940/,mahadev,INTROBUZZZ,8.0,/home/runner/work/peace-reels-automation/peace-reels-automation/pin2shorts/downloads/83105555620115940.mp4,/home/runner/work/peace-reels-automation/peace-reels-automation/pin2shorts/shorts/83105555620115940_blur.mp4,blur,rendered,8.0s of 8.0s
2026-08-31T17:49:32,3096293490377724,https://www.pinterest.com/pin/3096293490377724/,Mahadev,unique_bharat108,14.7,/home/runner/work/peace-reels-automation/peace-reels-automation/pin2shorts/downloads/3096293490377724.mp4,/home/runner/work/peace-reels-automation/peace-reels-automation/pin2shorts/shorts/3096293490377724_blur.mp4,blur,rendered,14.8s of 14.8s
2026-08-31T17:49:56,60376451250056393,https://www.pinterest.com/pin/60376451250056393/,Pinterest video #60376451250056393,MY LIFE LINE,83.3,/home/runner/work/peace-reels-automation/peace-reels-automation/pin2shorts/downloads/60376451250056393.mp4,/home/runner/work/peace-reels-automation/peace-reels-automation/pin2shorts/shorts/60376451250056393_blur.mp4,blur,rendered,45.0s of 83.4s
2026-08-31T21:35:57,14425661318797307,https://www.pinterest.com/pin/14425661318797307/,Pinterest video #14425661318797307,MY LIFE LINE,27.84,/home/runner/work/peace-reels-automation/peace-reels-automation/pin2shorts/downloads/14425661318797307.mp4,/home/runner/work/peace-reels-automation/peace-reels-automation/pin2shorts/shorts/14425661318797307_blur.mp4,blur,rendered,27.9s of 27.9s
2026-08-31T21:36:27,31454897393787203,https://www.pinterest.com/pin/31454897393787203/,jai shree krishna 🙏❤️,fitness is hitness,16.333,/home/runner/work/peace-reels-automation/peace-reels-automation/pin2shorts/downloads/31454897393787203.mp4,/home/runner/work/peace-reels-automation/peace-reels-automation/pin2shorts/shorts/31454897393787203_blur.mp4,blur,rendered,16.4s of 16.4s
2026-09-01T08:19:04,362680576263970000,https://www.pinterest.com/pin/362680576263970000/,,,,,,,failed,"ERROR: [Pinterest] 362680576263970000: No video formats found!; please report this issue on  https://github.com/yt-dlp/yt-dlp/issues?q= , filling out the appropriate issue template. Confirm you are on the latest version using  yt-dlp -U"
2026-09-01T08:19:08,48202658507229458,https://www.pinterest.com/pin/48202658507229458/,Radhe Radhe 🙏 . follow for daily ai content 👍.,Bhakti Verse AI,16.042,/home/runner/work/peace-reels-automation/peace-reels-automation/pin2shorts/downloads/48202658507229458.mp4,/home/runner/work/peace-reels-automation/peace-reels-automation/pin2shorts/shorts/48202658507229458_blur.mp4,blur,rendered,16.1s of 16.1s
2026-09-01T15:24:31,80220437108661893,https://www.pinterest.com/pin/80220437108661893/,Shre krishna,Top Trends,8.0,/home/runner/work/peace-reels-automation/peace-reels-automation/pin2shorts/downloads/80220437108661893.mp4,/home/runner/work/peace-reels-automation/peace-reels-automation/pin2shorts/shorts/80220437108661893_blur.mp4,blur,rendered,8.1s of 8.1s
2026-09-01T15:24:40,14847873767811232,https://www.pinterest.com/pin/14847873767811232/,,,,,,,failed,"ERROR: [Pinterest] 14847873767811232: No video formats found!; please report this issue on  https://github.com/yt-dlp/yt-dlp/issues?q= , filling out the appropriate issue template. Confirm you are on the latest version using  yt-dlp -U"
2026-09-01T19:31:04,16325617397562202,https://www.pinterest.com/pin/16325617397562202/,,,,,,,failed,"ERROR: [Pinterest] 16325617397562202: No video formats found!; please report this issue on  https://github.com/yt-dlp/yt-dlp/issues?q= , filling out the appropriate issue template. Confirm you are on the latest version using  yt-dlp -U"
2026-09-01T19:31:04,64035625947339411,https://www.pinterest.com/pin/64035625947339411/,,,,,,,failed,"ERROR: [Pinterest] 64035625947339411: No video formats found!; please report this issue on  https://github.com/yt-dlp/yt-dlp/issues?q= , filling out the appropriate issue template. Confirm you are on the latest version using  yt-dlp -U"
2026-09-02T07:38:23,35465915812427436,https://www.pinterest.com/pin/35465915812427436/,jai shree ram🙏🙏🙏,sachin,60.333,/home/runner/work/peace-reels-automation/peace-reels-automation/pin2shorts/downloads/35465915812427436.mp4,/home/runner/work/peace-reels-automation/peace-reels-automation/pin2shorts/shorts/35465915812427436_blur.mp4,blur,rendered,45.0s of 60.4s
2026-09-02T07:39:26,62628251062820107,https://www.pinterest.com/pin/62628251062820107/,ram siya,sinnu,38.467,/home/runner/work/peace-reels-automation/peace-reels-automation/pin2shorts/downloads/62628251062820107.mp4,/home/runner/work/peace-reels-automation/peace-reels-automation/pin2shorts/shorts/62628251062820107_blur.mp4,blur,rendered,38.5s of 38.5s
2026-09-02T14:54:32,129408189289476992,https://www.pinterest.com/pin/129408189289476992/,,,,,,,failed,"ERROR: [Pinterest] 129408189289476992: No video formats found!; please report this issue on  https://github.com/yt-dlp/yt-dlp/issues?q= , filling out the appropriate issue template. Confirm you are on the latest version using  yt-dlp -U"
2026-09-02T14:54:33,299700550224279534,https://www.pinterest.com/pin/299700550224279534/,,,,,,,failed,"ERROR: [Pinterest] 299700550224279534: No video formats found!; please report this issue on  https://github.com/yt-dlp/yt-dlp/issues?q= , filling out the appropriate issue template. Confirm you are on the latest version using  yt-dlp -U"
2026-09-02T19:29:29,16536723628324546,https://www.pinterest.com/pin/16536723628324546/,,,,,,,failed,"ERROR: [Pinterest] 16536723628324546: No video formats found!; please report this issue on  https://github.com/yt-dlp/yt-dlp/issues?q= , filling out the appropriate issue template. Confirm you are on the latest version using  yt-dlp -U"
2026-09-02T19:29:30,16325617397368599,https://www.pinterest.com/pin/16325617397368599/,,,,,,,failed,"ERROR: [Pinterest] 16325617397368599: No video formats found!; please report this issue on  https://github.com/yt-dlp/yt-dlp/issues?q= , filling out the appropriate issue template. Confirm you are on the latest version using  yt-dlp -U"
2026-09-03T07:47:25,37014028183613258,https://www.pinterest.com/pin/37014028183613258/,Jay Ganesha ❤️,Janu 💖,32.233,/home/runner/work/peace-reels-automation/peace-reels-automation/pin2shorts/downloads/37014028183613258.mp4,/home/runner/work/peace-reels-automation/peace-reels-automation/pin2shorts/shorts/37014028183613258_blur.mp4,blur,rendered,32.4s of 32.4s
2026-09-03T07:48:10,38280665579963430,https://www.pinterest.com/pin/38280665579963430/,,,,,,,failed,"ERROR: [Pinterest] 38280665579963430: No video formats found!; please report this issue on  https://github.com/yt-dlp/yt-dlp/issues?q= , filling out the appropriate issue template. Confirm you are on the latest version using  yt-dlp -U"
2026-09-03T14:53:30,9007268003306109,https://www.pinterest.com/pin/9007268003306109/,,,,,,,failed,"ERROR: [Pinterest] 9007268003306109: No video formats found!; please report this issue on  https://github.com/yt-dlp/yt-dlp/issues?q= , filling out the appropriate issue template. Confirm you are on the latest version using  yt-dlp -U"
2026-09-03T14:53:30,574771971217170924,https://www.pinterest.com/pin/574771971217170924/,,,,,,,failed,"ERROR: [Pinterest] 574771971217170924: No video formats found!; please report this issue on  https://github.com/yt-dlp/yt-dlp/issues?q= , filling out the appropriate issue template. Confirm you are on the latest version using  yt-dlp -U"
2026-09-03T19:24:27,246079567134927745,https://www.pinterest.com/pin/246079567134927745/,🌹Ganpati Bappa Morya🌹,Snehu pilu,16.933,/home/runner/work/peace-reels-automation/peace-reels-automation/pin2shorts/downloads/246079567134927745.mp4,/home/runner/work/peace-reels-automation/peace-reels-automation/pin2shorts/shorts/246079567134927745_blur.mp4,blur,rendered,17.0s of 17.0s
2026-09-03T19:24:50,117375134033060572,https://www.pinterest.com/pin/117375134033060572/,,,,,,,failed,"ERROR: [Pinterest] 117375134033060572: No video formats found!; please report this issue on  https://github.com/yt-dlp/yt-dlp/issues?q= , filling out the appropriate issue template. Confirm you are on the latest version using  yt-dlp -U"
2026-09-04T07:43:57,355080751892597844,https://www.pinterest.com/pin/355080751892597844/,please follow if you like maa durga 🙏,fitness is hitness,31.8,/home/runner/work/peace-reels-automation/peace-reels-automation/pin2shorts/downloads/355080751892597844.mp4,/home/runner/work/peace-reels-automation/peace-reels-automation/pin2shorts/shorts/355080751892597844_blur.mp4,blur,rendered,31.8s of 31.8s
2026-09-04T07:44:42,1098385796647999166,https://www.pinterest.com/pin/1098385796647999166/,,,,,,,failed,"ERROR: [Pinterest] 1098385796647999166: No video formats found!; please report this issue on  https://github.com/yt-dlp/yt-dlp/issues?q= , filling out the appropriate issue template. Confirm you are on the latest version using  yt-dlp -U"
2026-09-04T14:42:57,36169603254022885,https://www.pinterest.com/pin/36169603254022885/,Mata Rani 4k Status,Nitesh Tanwar,17.167,/home/runner/work/peace-reels-automation/peace-reels-automation/pin2shorts/downloads/36169603254022885.mp4,/home/runner/work/peace-reels-automation/peace-reels-automation/pin2shorts/shorts/36169603254022885_blur.mp4,blur,rendered,17.2s of 17.2s
2026-09-04T14:43:22,744712488430920279,https://www.pinterest.com/pin/744712488430920279/,,,,,,,failed,"ERROR: [Pinterest] 744712488430920279: No video formats found!; please report this issue on  https://github.com/yt-dlp/yt-dlp/issues?q= , filling out the appropriate issue template. Confirm you are on the latest version using  yt-dlp -U"
2026-09-04T19:05:11,78742693482152367,https://www.pinterest.com/pin/78742693482152367/,,,,,,,failed,"ERROR: [Pinterest] 78742693482152367: No video formats found!; please report this issue on  https://github.com/yt-dlp/yt-dlp/issues?q= , filling out the appropriate issue template. Confirm you are on the latest version using  yt-dlp -U"
2026-09-04T19:05:12,465770786484258574,https://www.pinterest.com/pin/465770786484258574/,,,,,,,failed,"ERROR: [Pinterest] 465770786484258574: No video formats found!; please report this issue on  https://github.com/yt-dlp/yt-dlp/issues?q= , filling out the appropriate issue template. Confirm you are on the latest version using  yt-dlp -U"
2026-09-05T07:24:57,543035667594398647,https://www.pinterest.com/pin/543035667594398647/,,,,,,,failed,"ERROR: [Pinterest] 543035667594398647: No video formats found!; please report this issue on  https://github.com/yt-dlp/yt-dlp/issues?q= , filling out the appropriate issue template. Confirm you are on the latest version using  yt-dlp -U"
2026-09-05T07:24:57,290693350972250738,https://www.pinterest.com/pin/290693350972250738/,,,,,,,failed,"ERROR: [Pinterest] 290693350972250738: No video formats found!; please report this issue on  https://github.com/yt-dlp/yt-dlp/issues?q= , filling out the appropriate issue template. Confirm you are on the latest version using  yt-dlp -U"
2026-09-05T13:40:58,282952789084152248,https://www.pinterest.com/pin/282952789084152248/,,,,,,,failed,"ERROR: [Pinterest] 282952789084152248: No video formats found!; please report this issue on  https://github.com/yt-dlp/yt-dlp/issues?q= , filling out the appropriate issue template. Confirm you are on the latest version using  yt-dlp -U"
2026-09-05T13:40:59,17310779815001217,https://www.pinterest.com/pin/17310779815001217/,,,,,,,failed,"ERROR: [Pinterest] 17310779815001217: No video formats found!; please report this issue on  https://github.com/yt-dlp/yt-dlp/issues?q= , filling out the appropriate issue template. Confirm you are on the latest version using  yt-dlp -U"
2026-09-05T18:31:40,25895766605262860,https://www.pinterest.com/pin/25895766605262860/,,,,,,,failed,"ERROR: [Pinterest] 25895766605262860: No video formats found!; please report this issue on  https://github.com/yt-dlp/yt-dlp/issues?q= , filling out the appropriate issue template. Confirm you are on the latest version using  yt-dlp -U"
2026-09-05T18:31:40,469429961182748121,https://www.pinterest.com/pin/469429961182748121/,,,,,,,failed,"ERROR: [Pinterest] 469429961182748121: No video formats found!; please report this issue on  https://github.com/yt-dlp/yt-dlp/issues?q= , filling out the appropriate issue template. Confirm you are on the latest version using  yt-dlp -U"
2026-09-06T07:38:46,14284923813732718,https://www.pinterest.com/pin/14284923813732718/,,,,,,,failed,"ERROR: [Pinterest] 14284923813732718: No video formats found!; please report this issue on  https://github.com/yt-dlp/yt-dlp/issues?q= , filling out the appropriate issue template. Confirm you are on the latest version using  yt-dlp -U"
2026-09-06T07:38:46,360006563998764135,https://www.pinterest.com/pin/360006563998764135/,,,,,,,failed,"ERROR: [Pinterest] 360006563998764135: No video formats found!; please report this issue on  https://github.com/yt-dlp/yt-dlp/issues?q= , filling out the appropriate issue template. Confirm you are on the latest version using  yt-dlp -U"
2026-09-06T13:55:11,323625923245334393,https://www.pinterest.com/pin/323625923245334393/,,,,,,,failed,"ERROR: [Pinterest] 323625923245334393: No video formats found!; please report this issue on  https://github.com/yt-dlp/yt-dlp/issues?q= , filling out the appropriate issue template. Confirm you are on the latest version using  yt-dlp -U"
2026-09-06T13:55:12,787496684887691798,https://www.pinterest.com/pin/787496684887691798/,,,,,,,failed,"ERROR: [Pinterest] 787496684887691798: No video formats found!; please report this issue on  https://github.com/yt-dlp/yt-dlp/issues?q= , filling out the appropriate issue template. Confirm you are on the latest version using  yt-dlp -U"
2026-09-06T18:32:41,1085297210234416886,https://www.pinterest.com/pin/1085297210234416886/,,,,,,,failed,"ERROR: [Pinterest] 1085297210234416886: No video formats found!; please report this issue on  https://github.com/yt-dlp/yt-dlp/issues?q= , filling out the appropriate issue template. Confirm you are on the latest version using  yt-dlp -U"
2026-09-06T18:32:42,79868593388367466,https://www.pinterest.com/pin/79868593388367466/,,,,,,,failed,"ERROR: [Pinterest] 79868593388367466: No video formats found!; please report this issue on  https://github.com/yt-dlp/yt-dlp/issues?q= , filling out the appropriate issue template. Confirm you are on the latest version using  yt-dlp -U"
2026-09-07T07:56:34,294985844376213444,https://www.pinterest.com/pin/294985844376213444/,,,,,,,failed,"ERROR: [Pinterest] 294985844376213444: No video formats found!; please report this issue on  https://github.com/yt-dlp/yt-dlp/issues?q= , filling out the appropriate issue template. Confirm you are on the latest version using  yt-dlp -U"
2026-09-07T07:56:34,2674081026609107,https://www.pinterest.com/pin/2674081026609107/,,,,,,,failed,"ERROR: [Pinterest] 2674081026609107: No video formats found!; please report this issue on  https://github.com/yt-dlp/yt-dlp/issues?q= , filling out the appropriate issue template. Confirm you are on the latest version using  yt-dlp -U"
2026-09-07T16:16:44,11540542794366644,https://www.pinterest.com/pin/11540542794366644/,,,,,,,failed,"ERROR: [Pinterest] 11540542794366644: No video formats found!; please report this issue on  https://github.com/yt-dlp/yt-dlp/issues?q= , filling out the appropriate issue template. Confirm you are on the latest version using  yt-dlp -U"
2026-09-07T16:16:44,361273201382079644,https://www.pinterest.com/pin/361273201382079644/,,,,,,,failed,"ERROR: [Pinterest] 361273201382079644: No video formats found!; please report this issue on  https://github.com/yt-dlp/yt-dlp/issues?q= , filling out the appropriate issue template. Confirm you are on the latest version using  yt-dlp -U"
2026-09-07T20:07:25,51298883251977158,https://www.pinterest.com/pin/51298883251977158/,,,,,,,failed,"ERROR: [Pinterest] 51298883251977158: No video formats found!; please report this issue on  https://github.com/yt-dlp/yt-dlp/issues?q= , filling out the appropriate issue template. Confirm you are on the latest version using  yt-dlp -U"
2026-09-07T20:07:29,923941679835138657,https://www.pinterest.com/pin/923941679835138657/,Pinterest video #923941679835138657,Om Sai ram,11.133,/home/runner/work/peace-reels-automation/peace-reels-automation/pin2shorts/downloads/923941679835138657.mp4,/home/runner/work/peace-reels-automation/peace-reels-automation/pin2shorts/shorts/923941679835138657_blur.mp4,blur,rendered,11.2s of 11.2s
2026-09-08T07:50:46,40673202880915796,https://www.pinterest.com/pin/40673202880915796/,,,,,,,failed,"ERROR: [Pinterest] 40673202880915796: No video formats found!; please report this issue on  https://github.com/yt-dlp/yt-dlp/issues?q= , filling out the appropriate issue template. Confirm you are on the latest version using  yt-dlp -U"
2026-09-08T07:50:46,124412008452066905,https://www.pinterest.com/pin/124412008452066905/,,,,,,,failed,"ERROR: [Pinterest] 124412008452066905: No video formats found!; please report this issue on  https://github.com/yt-dlp/yt-dlp/issues?q= , filling out the appropriate issue template. Confirm you are on the latest version using  yt-dlp -U"
2026-09-08T14:55:20,56435801578163916,https://www.pinterest.com/pin/56435801578163916/,,,,,,,failed,"ERROR: [Pinterest] 56435801578163916: No video formats found!; please report this issue on  https://github.com/yt-dlp/yt-dlp/issues?q= , filling out the appropriate issue template. Confirm you are on the latest version using  yt-dlp -U"
2026-09-08T14:55:21,32369691068062657,https://www.pinterest.com/pin/32369691068062657/,,,,,,,failed,"ERROR: [Pinterest] 32369691068062657: No video formats found!; please report this issue on  https://github.com/yt-dlp/yt-dlp/issues?q= , filling out the appropriate issue template. Confirm you are on the latest version using  yt-dlp -U"
2026-09-08T19:32:55,4362930885055624,https://www.pinterest.com/pin/4362930885055624/,,,,,,,failed,"ERROR: [Pinterest] 4362930885055624: No video formats found!; please report this issue on  https://github.com/yt-dlp/yt-dlp/issues?q= , filling out the appropriate issue template. Confirm you are on the latest version using  yt-dlp -U"
2026-09-08T19:32:55,51017408276512600,https://www.pinterest.com/pin/51017408276512600/,,,,,,,failed,"ERROR: [Pinterest] 51017408276512600: No video formats found!; please report this issue on  https://github.com/yt-dlp/yt-dlp/issues?q= , filling out the appropriate issue template. Confirm you are on the latest version using  yt-dlp -U"
2026-09-09T07:53:55,97671885663903503,https://www.pinterest.com/pin/97671885663903503/,,,,,,,failed,"ERROR: [Pinterest] 97671885663903503: No video formats found!; please report this issue on  https://github.com/yt-dlp/yt-dlp/issues?q= , filling out the appropriate issue template. Confirm you are on the latest version using  yt-dlp -U"
2026-09-09T07:53:58,596234438214726829,https://www.pinterest.com/pin/596234438214726829/,Jai Hanuman 🔱  Bal Hanuman 💞 Shree Ram Ki gali me tum jana vahan nachte milenge hanumana 🙏,Tathāstu,19.4,/home/runner/work/peace-reels-automation/peace-reels-automation/pin2shorts/downloads/596234438214726829.mp4,/home/runner/work/peace-reels-automation/peace-reels-automation/pin2shorts/shorts/596234438214726829_blur.mp4,blur,rendered,19.4s of 19.4s
2026-09-09T15:00:43,197525133653072318,https://www.pinterest.com/pin/197525133653072318/,May Bajrangbali bless you with power,King Tour and Travel,15.8,/home/runner/work/peace-reels-automation/peace-reels-automation/pin2shorts/downloads/197525133653072318.mp4,/home/runner/work/peace-reels-automation/peace-reels-automation/pin2shorts/shorts/197525133653072318_blur.mp4,blur,rendered,15.9s of 15.9s
2026-09-09T15:01:12,140806235000160,https://www.pinterest.com/pin/140806235000160/,Pinterest video #140806235000160,Geeta Jha,47.72,/home/runner/work/peace-reels-automation/peace-reels-automation/pin2shorts/downloads/140806235000160.mp4,/home/runner/work/peace-reels-automation/peace-reels-automation/pin2shorts/shorts/140806235000160_blur.mp4,blur,rendered,45.0s of 47.8s
2026-09-09T19:24:28,37154765672058983,https://www.pinterest.com/pin/37154765672058983/,Lord Hanuman in stillness.A mountain of devotion beneath a living waterfall,NATKHAT AARU,38.75,/home/runner/work/peace-reels-automation/peace-reels-automation/pin2shorts/downloads/37154765672058983.mp4,/home/runner/work/peace-reels-automation/peace-reels-automation/pin2shorts/shorts/37154765672058983_blur.mp4,blur,rendered,38.9s of 38.9s
2026-09-09T19:26:10,18225573487823149,https://www.pinterest.com/pin/18225573487823149/,🙏🙏,🦚ཞ།ધે ཞ།ધે🦚,57.792,/home/runner/work/peace-reels-automation/peace-reels-automation/pin2shorts/downloads/18225573487823149.mp4,/home/runner/work/peace-reels-automation/peace-reels-automation/pin2shorts/shorts/18225573487823149_blur.mp4,blur,rendered,45.0s of 57.8s
2026-09-10T07:53:53,378302437474154027,https://www.pinterest.com/pin/378302437474154027/,💖💖🥰🥰✨✨💫💫🌹🌹,Radha kumari,8.3,/home/runner/work/peace-reels-automation/peace-reels-automation/pin2shorts/downloads/378302437474154027.mp4,/home/runner/work/peace-reels-automation/peace-reels-automation/pin2shorts/shorts/378302437474154027_blur.mp4,blur,rendered,8.3s of 8.3s
2026-09-10T07:54:07,85075880457225203,https://www.pinterest.com/pin/85075880457225203/,Pinterest video #85075880457225203,raj Mishra,11.2,/home/runner/work/peace-reels-automation/peace-reels-automation/pin2shorts/downloads/85075880457225203.mp4,/home/runner/work/peace-reels-automation/peace-reels-automation/pin2shorts/shorts/85075880457225203_blur.mp4,blur,rendered,11.3s of 11.3s
2026-09-10T14:46:14,267823509086928705,https://www.pinterest.com/pin/267823509086928705/,Pinterest video #267823509086928705,Smrit ED,30.733,/home/runner/work/peace-reels-automation/peace-reels-automation/pin2shorts/downloads/267823509086928705.mp4,/home/runner/work/peace-reels-automation/peace-reels-automation/pin2shorts/shorts/267823509086928705_blur.mp4,blur,rendered,30.8s of 30.8s
2026-09-10T14:46:58,139330182216041768,https://www.pinterest.com/pin/139330182216041768/,Lord shiva,unique_bharat108,12.567,/home/runner/work/peace-reels-automation/peace-reels-automation/pin2shorts/downloads/139330182216041768.mp4,/home/runner/work/peace-reels-automation/peace-reels-automation/pin2shorts/shorts/139330182216041768_blur.mp4,blur,rendered,12.6s of 12.6s
2026-09-10T19:13:35,129760033008115969,https://www.pinterest.com/pin/129760033008115969/,"In the dance of creation, Shiva's meditative heart awakens to Parvati's pure devotion—eternal love",Chunmun Store,18.4,/home/runner/work/peace-reels-automation/peace-reels-automation/pin2shorts/downloads/129760033008115969.mp4,/home/runner/work/peace-reels-automation/peace-reels-automation/pin2shorts/shorts/129760033008115969_blur.mp4,blur,rendered,18.5s of 18.5s
2026-09-10T19:14:02,59672763809510283,https://www.pinterest.com/pin/59672763809510283/,har har Mahadev,ankitkumar,26.533,/home/runner/work/peace-reels-automation/peace-reels-automation/pin2shorts/downloads/59672763809510283.mp4,/home/runner/work/peace-reels-automation/peace-reels-automation/pin2shorts/shorts/59672763809510283_blur.mp4,blur,rendered,26.5s of 26.5s
2026-09-11T07:48:22,48765608461020969,https://www.pinterest.com/pin/48765608461020969/,Mahadev,unique_bharat108,10.333,/home/runner/work/peace-reels-automation/peace-reels-automation/pin2shorts/downloads/48765608461020969.mp4,/home/runner/work/peace-reels-automation/peace-reels-automation/pin2shorts/shorts/48765608461020969_blur.mp4,blur,rendered,10.3s of 10.3s
2026-09-11T07:48:38,42502790234090960,https://www.pinterest.com/pin/42502790234090960/,baba 😌❤️🔱,Mahadev&krishna ki diwani..😊🌈,12.433,/home/runner/work/peace-reels-automation/peace-reels-automation/pin2shorts/downloads/42502790234090960.mp4,/home/runner/work/peace-reels-automation/peace-reels-automation/pin2shorts/shorts/42502790234090960_blur.mp4,blur,rendered,12.5s of 12.5s
2026-09-11T14:52:11,609041549655064073,https://www.pinterest.com/pin/609041549655064073/,Mahadev,🐝🤩  𝓪άķᗩѕ𝔥 𝐆ⒶŁŁ𝕖ŕ𝐘  💎👍,20.1,/home/runner/work/peace-reels-automation/peace-reels-automation/pin2shorts/downloads/609041549655064073.mp4,/home/runner/work/peace-reels-automation/peace-reels-automation/pin2shorts/shorts/609041549655064073_blur.mp4,blur,rendered,20.1s of 20.1s
2026-09-11T14:52:31,595671488260207705,https://www.pinterest.com/pin/595671488260207705/,Ak3il,Ak3il,5.208,/home/runner/work/peace-reels-automation/peace-reels-automation/pin2shorts/downloads/595671488260207705.mp4,/home/runner/work/peace-reels-automation/peace-reels-automation/pin2shorts/shorts/595671488260207705_blur.mp4,blur,rendered,5.2s of 5.2s
2026-09-11T19:15:52,6333255724953702,https://www.pinterest.com/pin/6333255724953702/,"Radhe Radhe! 🌸 Happy Janmashtami!""",Delightful Detours,18.883,/home/runner/work/peace-reels-automation/peace-reels-automation/pin2shorts/downloads/6333255724953702.mp4,/home/runner/work/peace-reels-automation/peace-reels-automation/pin2shorts/shorts/6333255724953702_blur.mp4,blur,rendered,18.9s of 18.9s
2026-09-11T19:16:30,45739752463291321,https://www.pinterest.com/pin/45739752463291321/,Hare Krishna Hare Rama Mahamantra Jaap | ISKCON Style Chant #KrishnaBhakti #MahaMantra,OnClick Bhajans,59.767,/home/runner/work/peace-reels-automation/peace-reels-automation/pin2shorts/downloads/45739752463291321.mp4,/home/runner/work/peace-reels-automation/peace-reels-automation/pin2shorts/shorts/45739752463291321_blur.mp4,blur,rendered,45.0s of 59.8s
2026-09-12T07:42:27,165296248819836783,https://www.pinterest.com/pin/165296248819836783/,jai Shree Krishna and Radha ji 💖🙏,Lotus fairy 🪷🪷,18.933,/home/runner/work/peace-reels-automation/peace-reels-automation/pin2shorts/downloads/165296248819836783.mp4,/home/runner/work/peace-reels-automation/peace-reels-automation/pin2shorts/shorts/165296248819836783_blur.mp4,blur,rendered,19.0s of 19.0s
2026-09-12T07:42:55,55943220366227133,https://www.pinterest.com/pin/55943220366227133/,srikrishna,Neeraj✨,16.933,/home/runner/work/peace-reels-automation/peace-reels-automation/pin2shorts/downloads/55943220366227133.mp4,/home/runner/work/peace-reels-automation/peace-reels-automation/pin2shorts/shorts/55943220366227133_blur.mp4,blur,rendered,17.1s of 17.1s
2026-09-12T13:52:32,479211216622558455,https://www.pinterest.com/pin/479211216622558455/,cute Krishna,Vinod Kumar,15.433,/home/runner/work/peace-reels-automation/peace-reels-automation/pin2shorts/downloads/479211216622558455.mp4,/home/runner/work/peace-reels-automation/peace-reels-automation/pin2shorts/shorts/479211216622558455_blur.mp4,blur,rendered,15.4s of 15.4s
2026-09-12T13:52:45,305822630967907202,https://www.pinterest.com/pin/305822630967907202/,Ram,unique_bharat108,33.3,/home/runner/work/peace-reels-automation/peace-reels-automation/pin2shorts/downloads/305822630967907202.mp4,/home/runner/work/peace-reels-automation/peace-reels-automation/pin2shorts/shorts/305822630967907202_blur.mp4,blur,rendered,33.3s of 33.3s
2026-09-12T18:36:37,48765608460557092,https://www.pinterest.com/pin/48765608460557092/,Jai Shri Ram,Paritosh,30.6,/home/runner/work/peace-reels-automation/peace-reels-automation/pin2shorts/downloads/48765608460557092.mp4,/home/runner/work/peace-reels-automation/peace-reels-automation/pin2shorts/shorts/48765608460557092_blur.mp4,blur,rendered,30.9s of 30.9s
2026-09-12T18:37:06,611434086955501677,https://www.pinterest.com/pin/611434086955501677/,Cute Ram Sita Video | Lord Ram Aesthetic & Shree Ram and Sita Wallpaper HD 4K,DIVYA BHAKTI,30.0,/home/runner/work/peace-reels-automation/peace-reels-automation/pin2shorts/downloads/611434086955501677.mp4,/home/runner/work/peace-reels-automation/peace-reels-automation/pin2shorts/shorts/611434086955501677_blur.mp4,blur,rendered,30.0s of 30.0s
2026-09-13T08:01:32,18155204744205222,https://www.pinterest.com/pin/18155204744205222/,Sree Ram,SANATANA,29.9,/home/runner/work/peace-reels-automation/peace-reels-automation/pin2shorts/downloads/18155204744205222.mp4,/home/runner/work/peace-reels-automation/peace-reels-automation/pin2shorts/shorts/18155204744205222_blur.mp4,blur,rendered,29.9s of 29.9s
2026-09-13T08:02:17,9288742977158868,https://www.pinterest.com/pin/9288742977158868/,beutyfull god video jai ganesha,Ashwini Durge,16.1,/home/runner/work/peace-reels-automation/peace-reels-automation/pin2shorts/downloads/9288742977158868.mp4,/home/runner/work/peace-reels-automation/peace-reels-automation/pin2shorts/shorts/9288742977158868_blur.mp4,blur,rendered,16.2s of 16.2s
2026-09-13T14:47:58,416864509282769700,https://www.pinterest.com/pin/416864509282769700/,ganesh bhagwan dandiya khelte hue 🌸🙏,Ankit Shweta,10.054,/home/runner/work/peace-reels-automation/peace-reels-automation/pin2shorts/downloads/416864509282769700.mp4,/home/runner/work/peace-reels-automation/peace-reels-automation/pin2shorts/shorts/416864509282769700_blur.mp4,blur,rendered,10.2s of 10.2s
2026-09-13T14:48:15,56435801578599431,https://www.pinterest.com/pin/56435801578599431/,Bal Ganesha Playing with clouds,Tathāstu,20.217,/home/runner/work/peace-reels-automation/peace-reels-automation/pin2shorts/downloads/56435801578599431.mp4,/home/runner/work/peace-reels-automation/peace-reels-automation/pin2shorts/shorts/56435801578599431_blur.mp4,blur,rendered,20.2s of 20.2s
2026-09-13T18:54:57,68891069300937277,https://www.pinterest.com/pin/68891069300937277/,Ganpati bappa.....,MAHENDRA JATOLIYA,10.2,/home/runner/work/peace-reels-automation/peace-reels-automation/pin2shorts/downloads/68891069300937277.mp4,/home/runner/work/peace-reels-automation/peace-reels-automation/pin2shorts/shorts/68891069300937277_blur.mp4,blur,rendered,10.2s of 10.2s
2026-09-13T18:55:10,85075880457236368,https://www.pinterest.com/pin/85075880457236368/,Ai video,Pruthiv Rai,5.0,/home/runner/work/peace-reels-automation/peace-reels-automation/pin2shorts/downloads/85075880457236368.mp4,/home/runner/work/peace-reels-automation/peace-reels-automation/pin2shorts/shorts/85075880457236368_blur.mp4,blur,rendered,5.0s of 5.0s
2026-09-14T08:34:43,8373949303368503,https://www.pinterest.com/pin/8373949303368503/,श्री लालबाग चा राजा 💖🙇🏻,𝚂𝚄𝙳𝙰𝚁𝚂𝙷𝙰𝙽,25.433,/home/runner/work/peace-reels-automation/peace-reels-automation/pin2shorts/downloads/8373949303368503.mp4,/home/runner/work/peace-reels-automation/peace-reels-automation/pin2shorts/shorts/8373949303368503_blur.mp4,blur,rendered,25.5s of 25.5s
2026-09-14T08:35:22,23151385579835029,https://www.pinterest.com/pin/23151385579835029/,Pinterest video #23151385579835029,🌹🌹🌹,16.8,/home/runner/work/peace-reels-automation/peace-reels-automation/pin2shorts/downloads/23151385579835029.mp4,/home/runner/work/peace-reels-automation/peace-reels-automation/pin2shorts/shorts/23151385579835029_blur.mp4,blur,rendered,17.0s of 17.0s
2026-09-14T16:47:10,27936460194758542,https://www.pinterest.com/pin/27936460194758542/,Pinterest video #27936460194758542,Shiva Bk,31.8,/home/runner/work/peace-reels-automation/peace-reels-automation/pin2shorts/downloads/27936460194758542.mp4,/home/runner/work/peace-reels-automation/peace-reels-automation/pin2shorts/shorts/27936460194758542_blur.mp4,blur,rendered,31.8s of 31.8s
2026-09-14T16:48:00,84161086783996151,https://www.pinterest.com/pin/84161086783996151/,Pinterest video #84161086783996151,Anu Kumari,30.922,/home/runner/work/peace-reels-automation/peace-reels-automation/pin2shorts/downloads/84161086783996151.mp4,/home/runner/work/peace-reels-automation/peace-reels-automation/pin2shorts/shorts/84161086783996151_blur.mp4,blur,rendered,30.9s of 30.9s
2026-09-14T20:25:01,297026537947038584,https://www.pinterest.com/pin/297026537947038584/,Durga Puja Status Video ❤🥰 _ Coming Soon Durga Puja Status 2025 _ #shorts,ⓈⒽⒶⓈⒽⒾ࿐♥,13.433,/home/runner/work/peace-reels-automation/peace-reels-automation/pin2shorts/downloads/297026537947038584.mp4,/home/runner/work/peace-reels-automation/peace-reels-automation/pin2shorts/shorts/297026537947038584_blur.mp4,blur,rendered,13.5s of 13.5s
2026-09-14T20:25:20,14144186326157742,https://www.pinterest.com/pin/14144186326157742/,Pinterest video #14144186326157742,Shyam Steel,24.866,/home/runner/work/peace-reels-automation/peace-reels-automation/pin2shorts/downloads/14144186326157742.mp4,/home/runner/work/peace-reels-automation/peace-reels-automation/pin2shorts/shorts/14144186326157742_blur.mp4,blur,rendered,24.9s of 24.9s
2026-09-15T08:24:12,83105555619884570,https://www.pinterest.com/pin/83105555619884570/,Pinterest video #83105555619884570,MY LIFE LINE,26.633,/home/runner/work/peace-reels-automation/peace-reels-automation/pin2shorts/downloads/83105555619884570.mp4,/home/runner/work/peace-reels-automation/peace-reels-automation/pin2shorts/shorts/83105555619884570_blur.mp4,blur,rendered,26.7s of 26.7s
2026-09-15T08:24:49,150518812540915432,https://www.pinterest.com/pin/150518812540915432/,Pinterest video #150518812540915432,𝐑𝐚𝐝𝐡𝐞 𝐫𝐚𝐝𝐡𝐞˚⊱🪷⊰˚,25.4,/home/runner/work/peace-reels-automation/peace-reels-automation/pin2shorts/downloads/150518812540915432.mp4,/home/runner/work/peace-reels-automation/peace-reels-automation/pin2shorts/shorts/150518812540915432_blur.mp4,blur,rendered,25.6s of 25.6s
2026-09-15T15:24:50,4222193395566133,https://www.pinterest.com/pin/4222193395566133/,loard vishnu indian god video trending video,Stranger boy kamal,8.0,/home/runner/work/peace-reels-automation/peace-reels-automation/pin2shorts/downloads/4222193395566133.mp4,/home/runner/work/peace-reels-automation/peace-reels-automation/pin2shorts/shorts/4222193395566133_blur.mp4,blur,rendered,8.0s of 8.0s
2026-09-15T15:25:01,16044142419107466,https://www.pinterest.com/pin/16044142419107466/,Pinterest video #16044142419107466,raj Mishra,14.233,/home/runner/work/peace-reels-automation/peace-reels-automation/pin2shorts/downloads/16044142419107466.mp4,/home/runner/work/peace-reels-automation/peace-reels-automation/pin2shorts/shorts/16044142419107466_blur.mp4,blur,rendered,14.3s of 14.3s
2026-09-15T19:48:46,14425661318797301,https://www.pinterest.com/pin/14425661318797301/,Pinterest video #14425661318797301,tom_enterprise_ltd.,8.0,/home/runner/work/peace-reels-automation/peace-reels-automation/pin2shorts/downloads/14425661318797301.mp4,/home/runner/work/peace-reels-automation/peace-reels-automation/pin2shorts/shorts/14425661318797301_blur.mp4,blur,rendered,8.0s of 8.0s
2026-09-15T19:48:57,292522938319187267,https://www.pinterest.com/pin/292522938319187267/,Vishnu animation cinematic edit,Aesthetic_explorer,24.333,/home/runner/work/peace-reels-automation/peace-reels-automation/pin2shorts/downloads/292522938319187267.mp4,/home/runner/work/peace-reels-automation/peace-reels-automation/pin2shorts/shorts/292522938319187267_blur.mp4,blur,rendered,24.4s of 24.4s
2026-09-16T08:17:45,85075880457581992,https://www.pinterest.com/pin/85075880457581992/,jai jai,bonitastyles,30.967,/home/runner/work/peace-reels-automation/peace-reels-automation/pin2shorts/downloads/85075880457581992.mp4,/home/runner/work/peace-reels-automation/peace-reels-automation/pin2shorts/shorts/85075880457581992_blur.mp4,blur,rendered,31.1s of 31.1s
2026-09-16T08:18:28,37154765671610794,https://www.pinterest.com/pin/37154765671610794/,Saraswati maa,unique_bharat108,17.133,/home/runner/work/peace-reels-automation/peace-reels-automation/pin2shorts/downloads/37154765671610794.mp4,/home/runner/work/peace-reels-automation/peace-reels-automation/pin2shorts/shorts/37154765671610794_blur.mp4,blur,rendered,17.2s of 17.2s
2026-09-16T15:17:56,891360951273863565,https://www.pinterest.com/pin/891360951273863565/,Jai Mata Saraswati ♥️♥️♥️♥️,Surinder kumar,40.233,/home/runner/work/peace-reels-automation/peace-reels-automation/pin2shorts/downloads/891360951273863565.mp4,/home/runner/work/peace-reels-automation/peace-reels-automation/pin2shorts/shorts/891360951273863565_blur.mp4,blur,rendered,40.2s of 40.2s
2026-09-16T15:18:50,603200943883677801,https://www.pinterest.com/pin/603200943883677801/,Maa Saraswati 🙏🙏,Prathameshwar,5.042,/home/runner/work/peace-reels-automation/peace-reels-automation/pin2shorts/downloads/603200943883677801.mp4,/home/runner/work/peace-reels-automation/peace-reels-automation/pin2shorts/shorts/603200943883677801_blur.mp4,blur,rendered,5.0s of 5.0s
2026-09-16T19:41:05,306807793388225836,https://www.pinterest.com/pin/306807793388225836/,Pinterest video #306807793388225836,A Corner of Story,14.867,/home/runner/work/peace-reels-automation/peace-reels-automation/pin2shorts/downloads/306807793388225836.mp4,/home/runner/work/peace-reels-automation/peace-reels-automation/pin2shorts/shorts/306807793388225836_blur.mp4,blur,rendered,14.9s of 14.9s
2026-09-16T19:41:28,45739752463334495,https://www.pinterest.com/pin/45739752463334495/,Saraswati mata,unique_bharat108,26.233,/home/runner/work/peace-reels-automation/peace-reels-automation/pin2shorts/downloads/45739752463334495.mp4,/home/runner/work/peace-reels-automation/peace-reels-automation/pin2shorts/shorts/45739752463334495_blur.mp4,blur,rendered,26.3s of 26.3s
2026-09-17T08:24:34,832321574927223723,https://www.pinterest.com/pin/832321574927223723/,Maa Saraswati Sabke Ghar Aaiye 🙏 | New Saraswati Puja Status 2026 |,S.K AI-Generated,22.0,/home/runner/work/peace-reels-automation/peace-reels-automation/pin2shorts/downloads/832321574927223723.mp4,/home/runner/work/peace-reels-automation/peace-reels-automation/pin2shorts/shorts/832321574927223723_blur.mp4,blur,rendered,22.1s of 22.1s
2026-09-17T08:25:07,9570217953876327,https://www.pinterest.com/pin/9570217953876327/,Pinterest video #9570217953876327,"Sunny Parihar 
~¤'S💞P'¤~",23.033,/home/runner/work/peace-reels-automation/peace-reels-automation/pin2shorts/downloads/9570217953876327.mp4,/home/runner/work/peace-reels-automation/peace-reels-automation/pin2shorts/shorts/9570217953876327_blur.mp4,blur,rendered,23.1s of 23.1s
2026-09-17T15:26:09,85075880457487087,https://www.pinterest.com/pin/85075880457487087/,Laxmi mata,unique_bharat108,40.133,/home/runner/work/peace-reels-automation/peace-reels-automation/pin2shorts/downloads/85075880457487087.mp4,/home/runner/work/peace-reels-automation/peace-reels-automation/pin2shorts/shorts/85075880457487087_blur.mp4,blur,rendered,40.1s of 40.1s
2026-09-17T15:27:03,16325617397337804,https://www.pinterest.com/pin/16325617397337804/,Pinterest video #16325617397337804,Deepak Verma,17.167,/home/runner/work/peace-reels-automation/peace-reels-automation/pin2shorts/downloads/16325617397337804.mp4,/home/runner/work/peace-reels-automation/peace-reels-automation/pin2shorts/shorts/16325617397337804_blur.mp4,blur,rendered,17.2s of 17.2s
2026-09-17T19:53:00,638455684721473347,https://www.pinterest.com/pin/638455684721473347/,ವರಮಹಾಲಕ್ಷ್ಮಿ Devi |varamahalakshmi,kamadenuparimala,10.0,/home/runner/work/peace-reels-automation/peace-reels-automation/pin2shorts/downloads/638455684721473347.mp4,/home/runner/work/peace-reels-automation/peace-reels-automation/pin2shorts/shorts/638455684721473347_blur.mp4,blur,rendered,10.0s of 10.0s
2026-09-17T19:53:16,117093659058120738,https://www.pinterest.com/pin/117093659058120738/,Pinterest video #117093659058120738,A Corner of Story,32.167,/home/runner/work/peace-reels-automation/peace-reels-automation/pin2shorts/downloads/117093659058120738.mp4,/home/runner/work/peace-reels-automation/peace-reels-automation/pin2shorts/shorts/117093659058120738_blur.mp4,blur,rendered,32.2s of 32.2s
2026-09-18T08:00:01,43980533856581354,https://www.pinterest.com/pin/43980533856581354/,🌺🌺,🦚ཞ།ધે ཞ།ધે🦚,8.933,/home/runner/work/peace-reels-automation/peace-reels-automation/pin2shorts/downloads/43980533856581354.mp4,/home/runner/work/peace-reels-automation/peace-reels-automation/pin2shorts/shorts/43980533856581354_blur.mp4,blur,rendered,8.9s of 8.9s
2026-09-18T08:00:15,52846995623732610,https://www.pinterest.com/pin/52846995623732610/,JOI 🌺MA,Pallab,26.76,/home/runner/work/peace-reels-automation/peace-reels-automation/pin2shorts/downloads/52846995623732610.mp4,/home/runner/work/peace-reels-automation/peace-reels-automation/pin2shorts/shorts/52846995623732610_blur.mp4,blur,rendered,26.8s of 26.8s
2026-09-18T14:46:48,631278072814700518,https://www.pinterest.com/pin/631278072814700518/,🙏❤️❤️ jai maa kali ❤️❤️🙏,Sanatan Dharma,6.042,/home/runner/work/peace-reels-automation/peace-reels-automation/pin2shorts/downloads/631278072814700518.mp4,/home/runner/work/peace-reels-automation/peace-reels-automation/pin2shorts/shorts/631278072814700518_blur.mp4,blur,rendered,6.1s of 6.1s
2026-09-18T14:46:58,366058275987450629,https://www.pinterest.com/pin/366058275987450629/,ma kali 4k video,খোকা বাবু,13.292,/home/runner/work/peace-reels-automation/peace-reels-automation/pin2shorts/downloads/366058275987450629.mp4,/home/runner/work/peace-reels-automation/peace-reels-automation/pin2shorts/shorts/366058275987450629_blur.mp4,blur,rendered,13.3s of 13.3s
2026-09-18T19:09:32,218213544441665588,https://www.pinterest.com/pin/218213544441665588/,Pinterest video #218213544441665588,𝐑𝐚𝐝𝐡𝐞 𝐫𝐚𝐝𝐡𝐞˚⊱🪷⊰˚,41.0,/home/runner/work/peace-reels-automation/peace-reels-automation/pin2shorts/downloads/218213544441665588.mp4,/home/runner/work/peace-reels-automation/peace-reels-automation/pin2shorts/shorts/218213544441665588_blur.mp4,blur,rendered,41.0s of 41.0s
2026-09-18T19:10:33,915427061784528737,https://www.pinterest.com/pin/915427061784528737/,Pinterest video #915427061784528737,Neha Sharma,25.8,/home/runner/work/peace-reels-automation/peace-reels-automation/pin2shorts/downloads/915427061784528737.mp4,/home/runner/work/peace-reels-automation/peace-reels-automation/pin2shorts/shorts/915427061784528737_blur.mp4,blur,rendered,25.9s of 25.9s
2026-09-19T07:50:32,16747829862177640,https://www.pinterest.com/pin/16747829862177640/,Radha Radha❤️❤️,✿┋Şǻ𝘳𝑑ǻ𝘳⠀ᥫ᭡፝֟፝֟,18.633,/home/runner/work/peace-reels-automation/peace-reels-automation/pin2shorts/downloads/16747829862177640.mp4,/home/runner/work/peace-reels-automation/peace-reels-automation/pin2shorts/shorts/16747829862177640_blur.mp4,blur,rendered,18.6s of 18.6s
2026-09-19T07:50:56,301178293852377836,https://www.pinterest.com/pin/301178293852377836/,khrishna jii,Girlies,18.933,/home/runner/work/peace-reels-automation/peace-reels-automation/pin2shorts/downloads/301178293852377836.mp4,/home/runner/work/peace-reels-automation/peace-reels-automation/pin2shorts/shorts/301178293852377836_blur.mp4,blur,rendered,19.0s of 19.0s
2026-09-19T14:07:46,12173861490124327,https://www.pinterest.com/pin/12173861490124327/,krishna,GlowToonStudio,28.8,/home/runner/work/peace-reels-automation/peace-reels-automation/pin2shorts/downloads/12173861490124327.mp4,/home/runner/work/peace-reels-automation/peace-reels-automation/pin2shorts/shorts/12173861490124327_blur.mp4,blur,rendered,28.8s of 28.8s
2026-09-19T14:08:27,175358979237798610,https://www.pinterest.com/pin/175358979237798610/,राधा जु प्यारी🥹💗💓😍♥️💞❤️‍🔥💚🫀🤩🙏❤️☺️❣️🥰🧿🫶🥺,प्रेम से बोलो राधे राधे🧿❣️,28.967,/home/runner/work/peace-reels-automation/peace-reels-automation/pin2shorts/downloads/175358979237798610.mp4,/home/runner/work/peace-reels-automation/peace-reels-automation/pin2shorts/shorts/175358979237798610_blur.mp4,blur,rendered,29.0s of 29.0s
2026-09-19T18:43:51,88875792643104697,https://www.pinterest.com/pin/88875792643104697/,,,,,,,failed,"ERROR: [Pinterest] 88875792643104697: No video formats found!; please report this issue on  https://github.com/yt-dlp/yt-dlp/issues?q= , filling out the appropriate issue template. Confirm you are on the latest version using  yt-dlp -U"
2026-09-19T18:43:51,1141451468117917464,https://www.pinterest.com/pin/1141451468117917464/,,,,,,,failed,"ERROR: [Pinterest] 1141451468117917464: No video formats found!; please report this issue on  https://github.com/yt-dlp/yt-dlp/issues?q= , filling out the appropriate issue template. Confirm you are on the latest version using  yt-dlp -U"
2026-09-20T08:18:02,37154765671920184,https://www.pinterest.com/pin/37154765671920184/,"hanuman ji live wallpaper for pc ,mobile👌❤️4K",ashish,15.32,/home/runner/work/peace-reels-automation/peace-reels-automation/pin2shorts/downloads/37154765671920184.mp4,/home/runner/work/peace-reels-automation/peace-reels-automation/pin2shorts/shorts/37154765671920184_blur.mp4,blur,rendered,15.4s of 15.4s
2026-09-20T08:18:13,1148417973754027563,https://www.pinterest.com/pin/1148417973754027563/,,,,,,,failed,"ERROR: [Pinterest] 1148417973754027563: No video formats found!; please report this issue on  https://github.com/yt-dlp/yt-dlp/issues?q= , filling out the appropriate issue template. Confirm you are on the latest version using  yt-dlp -U"
2026-09-20T14:28:01,1147292073897532271,https://www.pinterest.com/pin/1147292073897532271/,,,,,,,failed,"ERROR: [Pinterest] 1147292073897532271: No video formats found!; please report this issue on  https://github.com/yt-dlp/yt-dlp/issues?q= , filling out the appropriate issue template. Confirm you are on the latest version using  yt-dlp -U"
2026-09-20T14:28:02,1046383294702729647,https://www.pinterest.com/pin/1046383294702729647/,,,,,,,failed,"ERROR: [Pinterest] 1046383294702729647: No video formats found!; please report this issue on  https://github.com/yt-dlp/yt-dlp/issues?q= , filling out the appropriate issue template. Confirm you are on the latest version using  yt-dlp -U"
2026-09-20T18:59:39,35114072091756746,https://www.pinterest.com/pin/35114072091756746/,,,,,,,failed,"ERROR: [Pinterest] 35114072091756746: No video formats found!; please report this issue on  https://github.com/yt-dlp/yt-dlp/issues?q= , filling out the appropriate issue template. Confirm you are on the latest version using  yt-dlp -U"
2026-09-20T18:59:40,59039445112271644,https://www.pinterest.com/pin/59039445112271644/,,,,,,,failed,"ERROR: [Pinterest] 59039445112271644: No video formats found!; please report this issue on  https://github.com/yt-dlp/yt-dlp/issues?q= , filling out the appropriate issue template. Confirm you are on the latest version using  yt-dlp -U"
2026-09-21T08:36:05,262123640807897875,https://www.pinterest.com/pin/262123640807897875/,Pinterest video #262123640807897875,Om Sai ram,30.134,/home/runner/work/peace-reels-automation/peace-reels-automation/pin2shorts/downloads/262123640807897875.mp4,/home/runner/work/peace-reels-automation/peace-reels-automation/pin2shorts/shorts/262123640807897875_blur.mp4,blur,rendered,30.2s of 30.2s
2026-09-21T08:36:49,9077636744889402,https://www.pinterest.com/pin/9077636744889402/,,,,,,,failed,"ERROR: [Pinterest] 9077636744889402: No video formats found!; please report this issue on  https://github.com/yt-dlp/yt-dlp/issues?q= , filling out the appropriate issue template. Confirm you are on the latest version using  yt-dlp -U"
2026-09-21T16:47:30,83105555619878827,https://www.pinterest.com/pin/83105555619878827/,Mahakaal Ai Video,devlokdigital,47.718,/home/runner/work/peace-reels-automation/peace-reels-automation/pin2shorts/downloads/83105555619878827.mp4,/home/runner/work/peace-reels-automation/peace-reels-automation/pin2shorts/shorts/83105555619878827_blur.mp4,blur,rendered,45.0s of 47.8s
2026-09-21T16:48:35,1002613935815380132,https://www.pinterest.com/pin/1002613935815380132/,,,,,,,failed,"ERROR: [Pinterest] 1002613935815380132: No video formats found!; please report this issue on  https://github.com/yt-dlp/yt-dlp/issues?q= , filling out the appropriate issue template. Confirm you are on the latest version using  yt-dlp -U"
2026-09-21T20:32:53,239464905182463089,https://www.pinterest.com/pin/239464905182463089/,,,,,,,failed,"ERROR: [Pinterest] 239464905182463089: No video formats found!; please report this issue on  https://github.com/yt-dlp/yt-dlp/issues?q= , filling out the appropriate issue template. Confirm you are on the latest version using  yt-dlp -U"
2026-09-21T20:32:54,35817759532956417,https://www.pinterest.com/pin/35817759532956417/,,,,,,,failed,"ERROR: [Pinterest] 35817759532956417: No video formats found!; please report this issue on  https://github.com/yt-dlp/yt-dlp/issues?q= , filling out the appropriate issue template. Confirm you are on the latest version using  yt-dlp -U"
2026-09-22T08:16:25,637822366021776267,https://www.pinterest.com/pin/637822366021776267/,,,,,,,failed,"ERROR: [Pinterest] 637822366021776267: No video formats found!; please report this issue on  https://github.com/yt-dlp/yt-dlp/issues?q= , filling out the appropriate issue template. Confirm you are on the latest version using  yt-dlp -U"
2026-09-22T08:16:25,1110911433115039801,https://www.pinterest.com/pin/1110911433115039801/,,,,,,,failed,"ERROR: [Pinterest] 1110911433115039801: No video formats found!; please report this issue on  https://github.com/yt-dlp/yt-dlp/issues?q= , filling out the appropriate issue template. Confirm you are on the latest version using  yt-dlp -U"
2026-09-22T15:22:08,1070238298986095572,https://www.pinterest.com/pin/1070238298986095572/,,,,,,,failed,"ERROR: [Pinterest] 1070238298986095572: No video formats found!; please report this issue on  https://github.com/yt-dlp/yt-dlp/issues?q= , filling out the appropriate issue template. Confirm you are on the latest version using  yt-dlp -U"
2026-09-22T15:22:09,908108712387387374,https://www.pinterest.com/pin/908108712387387374/,,,,,,,failed,"ERROR: [Pinterest] 908108712387387374: No video formats found!; please report this issue on  https://github.com/yt-dlp/yt-dlp/issues?q= , filling out the appropriate issue template. Confirm you are on the latest version using  yt-dlp -U"
2026-09-22T19:52:27,297730225388303639,https://www.pinterest.com/pin/297730225388303639/,Krishna — DIVINE EYES LEELA,Alex Wallpapers & Finds,16.8,/home/runner/work/peace-reels-automation/peace-reels-automation/pin2shorts/downloads/297730225388303639.mp4,/home/runner/work/peace-reels-automation/peace-reels-automation/pin2shorts/shorts/297730225388303639_blur.mp4,blur,rendered,16.8s of 16.8s
2026-09-22T19:52:42,24347654232334979,https://www.pinterest.com/pin/24347654232334979/,,,,,,,failed,"ERROR: [Pinterest] 24347654232334979: No video formats found!; please report this issue on  https://github.com/yt-dlp/yt-dlp/issues?q= , filling out the appropriate issue template. Confirm you are on the latest version using  yt-dlp -U"
2026-09-23T08:18:17,175288610493597346,https://www.pinterest.com/pin/175288610493597346/,,,,,,,failed,"ERROR: [Pinterest] 175288610493597346: No video formats found!; please report this issue on  https://github.com/yt-dlp/yt-dlp/issues?q= , filling out the appropriate issue template. Confirm you are on the latest version using  yt-dlp -U"
2026-09-23T08:18:18,814799757632002526,https://www.pinterest.com/pin/814799757632002526/,,,,,,,failed,"ERROR: [Pinterest] 814799757632002526: No video formats found!; please report this issue on  https://github.com/yt-dlp/yt-dlp/issues?q= , filling out the appropriate issue template. Confirm you are on the latest version using  yt-dlp -U"
2026-09-23T15:17:36,666040232439479097,https://www.pinterest.com/pin/666040232439479097/,,,,,,,failed,"ERROR: [Pinterest] 666040232439479097: No video formats found!; please report this issue on  https://github.com/yt-dlp/yt-dlp/issues?q= , filling out the appropriate issue template. Confirm you are on the latest version using  yt-dlp -U"
2026-09-23T15:17:36,171418329561152715,https://www.pinterest.com/pin/171418329561152715/,,,,,,,failed,"ERROR: [Pinterest] 171418329561152715: No video formats found!; please report this issue on  https://github.com/yt-dlp/yt-dlp/issues?q= , filling out the appropriate issue template. Confirm you are on the latest version using  yt-dlp -U"
2026-09-23T19:47:02,79868593388507449,https://www.pinterest.com/pin/79868593388507449/,,,,,,,failed,"ERROR: [Pinterest] 79868593388507449: No video formats found!; please report this issue on  https://github.com/yt-dlp/yt-dlp/issues?q= , filling out the appropriate issue template. Confirm you are on the latest version using  yt-dlp -U"
2026-09-23T19:47:02,1125968743495228,https://www.pinterest.com/pin/1125968743495228/,,,,,,,failed,"ERROR: [Pinterest] 1125968743495228: No video formats found!; please report this issue on  https://github.com/yt-dlp/yt-dlp/issues?q= , filling out the appropriate issue template. Confirm you are on the latest version using  yt-dlp -U"
2026-09-24T08:09:35,1130192469037109243,https://www.pinterest.com/pin/1130192469037109243/,durga maa,Neha,30.162,/home/runner/work/peace-reels-automation/peace-reels-automation/pin2shorts/downloads/1130192469037109243.mp4,/home/runner/work/peace-reels-automation/peace-reels-automation/pin2shorts/shorts/1130192469037109243_blur.mp4,blur,rendered,30.2s of 30.2s
2026-09-24T08:10:19,1089871178594905247,https://www.pinterest.com/pin/1089871178594905247/,,,,,,,failed,"ERROR: [Pinterest] 1089871178594905247: No video formats found!; please report this issue on  https://github.com/yt-dlp/yt-dlp/issues?q= , filling out the appropriate issue template. Confirm you are on the latest version using  yt-dlp -U"
