file,title,description,tags,source_url,uploaded
663929170112969650_blur.mp4,Mahadev Dark Aesthetic Reel 🔱 #shorts,"Mahadev Dark Aesthetic Reel 🔱

AI-generated devotional art.

#shorts #aibhagwan #hanuman #mahadev #krishna #devotional #aiart

#Shorts #AIBhagwan","shorts,aibhagwan,hanuman,mahadev,krishna,devotional,aiart",https://www.pinterest.com/pin/663929170112969650/,yes
83105555620115949_blur.mp4,The Divine Journey of Lord Shiva | Cinematic AI Art #shorts,"The Divine Journey of Lord Shiva | Cinematic AI Art

AI-generated devotional art.

#shorts #aibhagwan #hanuman #mahadev #krishna #devotional #aiart

#Shorts #AIBhagwan","shorts,aibhagwan,hanuman,mahadev,krishna,devotional,aiart",https://www.pinterest.com/pin/83105555620115949/,yes
12173861490119950_blur.mp4,Mahadev Ka Sabse Powerful Video ⚡ #shorts,"Mahadev Ka Sabse Powerful Video ⚡

AI-generated devotional art.

#shorts #aibhagwan #hanuman #mahadev #krishna #devotional #aiart

#Shorts #AIBhagwan","shorts,aibhagwan,hanuman,mahadev,krishna,devotional,aiart",https://www.pinterest.com/pin/12173861490119950/,no
1407443629958806_blur.mp4,MAHAKAAL #shorts,"MAHAKAAL

AI-generated devotional art.

#shorts #aibhagwan #hanuman #mahadev #krishna #devotional #aiart

#Shorts #AIBhagwan","shorts,aibhagwan,hanuman,mahadev,krishna,devotional,aiart",https://www.pinterest.com/pin/1407443629958806/,no
83105555620115940_blur.mp4,mahadev #shorts,"mahadev

AI-generated devotional art.

#shorts #aibhagwan #hanuman #mahadev #krishna #devotional #aiart

#Shorts #AIBhagwan","shorts,aibhagwan,hanuman,mahadev,krishna,devotional,aiart",https://www.pinterest.com/pin/83105555620115940/,no
3096293490377724_blur.mp4,Mahadev #shorts,"Mahadev

AI-generated devotional art.

#shorts #aibhagwan #hanuman #mahadev #krishna #devotional #aiart

#Shorts #AIBhagwan","shorts,aibhagwan,hanuman,mahadev,krishna,devotional,aiart",https://www.pinterest.com/pin/3096293490377724/,no
60376451250056393_blur.mp4,Pinterest video #60376451250056393 #shorts,"Pinterest video #60376451250056393

AI-generated devotional art.

#shorts #aibhagwan #hanuman #mahadev #krishna #devotional #aiart

#Shorts #AIBhagwan","shorts,aibhagwan,hanuman,mahadev,krishna,devotional,aiart",https://www.pinterest.com/pin/60376451250056393/,no
14425661318797307_blur.mp4,Pinterest video #14425661318797307 #shorts,"Pinterest video #14425661318797307

AI-generated devotional art.

#shorts #aibhagwan #hanuman #mahadev #krishna #devotional #aiart

#Shorts #AIBhagwan","shorts,aibhagwan,hanuman,mahadev,krishna,devotional,aiart",https://www.pinterest.com/pin/14425661318797307/,no
31454897393787203_blur.mp4,jai shree krishna 🙏❤️ #shorts,"jai shree krishna 🙏❤️

AI-generated devotional art.

#shorts #aibhagwan #hanuman #mahadev #krishna #devotional #aiart

#Shorts #AIBhagwan","shorts,aibhagwan,hanuman,mahadev,krishna,devotional,aiart",https://www.pinterest.com/pin/31454897393787203/,no
48202658507229458_blur.mp4,Radhe Radhe 🙏 . follow for daily ai content 👍 #shorts,"Radhe Radhe 🙏 . follow for daily ai content 👍

AI-generated devotional art.

#shorts #aibhagwan #hanuman #mahadev #krishna #devotional #aiart

#Shorts #AIBhagwan","shorts,aibhagwan,hanuman,mahadev,krishna,devotional,aiart",https://www.pinterest.com/pin/48202658507229458/,no
80220437108661893_blur.mp4,Shre krishna #shorts,"Shre krishna

AI-generated devotional art.

#shorts #aibhagwan #hanuman #mahadev #krishna #devotional #aiart

#Shorts #AIBhagwan","shorts,aibhagwan,hanuman,mahadev,krishna,devotional,aiart",https://www.pinterest.com/pin/80220437108661893/,no
35465915812427436_blur.mp4,jai shree ram🙏🙏🙏 #shorts,"jai shree ram🙏🙏🙏

AI-generated devotional art.

#shorts #aibhagwan #hanuman #mahadev #krishna #devotional #aiart

#Shorts #AIBhagwan","shorts,aibhagwan,hanuman,mahadev,krishna,devotional,aiart",https://www.pinterest.com/pin/35465915812427436/,no
62628251062820107_blur.mp4,ram siya #shorts,"ram siya

AI-generated devotional art.

#shorts #aibhagwan #hanuman #mahadev #krishna #devotional #aiart

#Shorts #AIBhagwan","shorts,aibhagwan,hanuman,mahadev,krishna,devotional,aiart",https://www.pinterest.com/pin/62628251062820107/,no
37014028183613258_blur.mp4,Jay Ganesha ❤️ #shorts,"Jay Ganesha ❤️

AI-generated devotional art.

#shorts #aibhagwan #hanuman #mahadev #krishna #devotional #aiart

#Shorts #AIBhagwan","shorts,aibhagwan,hanuman,mahadev,krishna,devotional,aiart",https://www.pinterest.com/pin/37014028183613258/,no
246079567134927745_blur.mp4,🌹Ganpati Bappa Morya🌹 #shorts,"🌹Ganpati Bappa Morya🌹

AI-generated devotional art.

#shorts #aibhagwan #hanuman #mahadev #krishna #devotional #aiart

#Shorts #AIBhagwan","shorts,aibhagwan,hanuman,mahadev,krishna,devotional,aiart",https://www.pinterest.com/pin/246079567134927745/,no
355080751892597844_blur.mp4,please follow if you like maa durga 🙏 #shorts,"please follow if you like maa durga 🙏

AI-generated devotional art.

#shorts #aibhagwan #hanuman #mahadev #krishna #devotional #aiart

#Shorts #AIBhagwan","shorts,aibhagwan,hanuman,mahadev,krishna,devotional,aiart",https://www.pinterest.com/pin/355080751892597844/,no
36169603254022885_blur.mp4,Mata Rani 4k Status #shorts,"Mata Rani 4k Status

AI-generated devotional art.

#shorts #aibhagwan #hanuman #mahadev #krishna #devotional #aiart

#Shorts #AIBhagwan","shorts,aibhagwan,hanuman,mahadev,krishna,devotional,aiart",https://www.pinterest.com/pin/36169603254022885/,no
923941679835138657_blur.mp4,Pinterest video #923941679835138657 #shorts,"Pinterest video #923941679835138657

AI-generated devotional art.

#shorts #aibhagwan #hanuman #mahadev #krishna #devotional #aiart

#Shorts #AIBhagwan","shorts,aibhagwan,hanuman,mahadev,krishna,devotional,aiart",https://www.pinterest.com/pin/923941679835138657/,no
596234438214726829_blur.mp4,Jai Hanuman 🔱 Bal Hanuman 💞 Shree Ram Ki gali me tum jana vahan… #shorts,"Jai Hanuman 🔱 Bal Hanuman 💞 Shree Ram Ki gali me tum jana vahan…

AI-generated devotional art.

#shorts #aibhagwan #hanuman #mahadev #krishna #devotional #aiart

#Shorts #AIBhagwan","shorts,aibhagwan,hanuman,mahadev,krishna,devotional,aiart",https://www.pinterest.com/pin/596234438214726829/,no
197525133653072318_blur.mp4,May Bajrangbali bless you with power #shorts,"May Bajrangbali bless you with power

AI-generated devotional art.

#shorts #aibhagwan #hanuman #mahadev #krishna #devotional #aiart

#Shorts #AIBhagwan","shorts,aibhagwan,hanuman,mahadev,krishna,devotional,aiart",https://www.pinterest.com/pin/197525133653072318/,no
140806235000160_blur.mp4,Pinterest video #140806235000160 #shorts,"Pinterest video #140806235000160

AI-generated devotional art.

#shorts #aibhagwan #hanuman #mahadev #krishna #devotional #aiart

#Shorts #AIBhagwan","shorts,aibhagwan,hanuman,mahadev,krishna,devotional,aiart",https://www.pinterest.com/pin/140806235000160/,no
37154765672058983_blur.mp4,Lord Hanuman in stillness.A mountain of devotion beneath a living… #shorts,"Lord Hanuman in stillness.A mountain of devotion beneath a living…

AI-generated devotional art.

#shorts #aibhagwan #hanuman #mahadev #krishna #devotional #aiart

#Shorts #AIBhagwan","shorts,aibhagwan,hanuman,mahadev,krishna,devotional,aiart",https://www.pinterest.com/pin/37154765672058983/,no
18225573487823149_blur.mp4,🙏🙏 #shorts,"🙏🙏

AI-generated devotional art.

#shorts #aibhagwan #hanuman #mahadev #krishna #devotional #aiart

#Shorts #AIBhagwan","shorts,aibhagwan,hanuman,mahadev,krishna,devotional,aiart",https://www.pinterest.com/pin/18225573487823149/,no
378302437474154027_blur.mp4,💖💖🥰🥰✨✨💫💫🌹🌹 #shorts,"💖💖🥰🥰✨✨💫💫🌹🌹

AI-generated devotional art.

#shorts #aibhagwan #hanuman #mahadev #krishna #devotional #aiart

#Shorts #AIBhagwan","shorts,aibhagwan,hanuman,mahadev,krishna,devotional,aiart",https://www.pinterest.com/pin/378302437474154027/,no
85075880457225203_blur.mp4,Pinterest video #85075880457225203 #shorts,"Pinterest video #85075880457225203

AI-generated devotional art.

#shorts #aibhagwan #hanuman #mahadev #krishna #devotional #aiart

#Shorts #AIBhagwan","shorts,aibhagwan,hanuman,mahadev,krishna,devotional,aiart",https://www.pinterest.com/pin/85075880457225203/,no
267823509086928705_blur.mp4,Pinterest video #267823509086928705 #shorts,"Pinterest video #267823509086928705

AI-generated devotional art.

#shorts #aibhagwan #hanuman #mahadev #krishna #devotional #aiart

#Shorts #AIBhagwan","shorts,aibhagwan,hanuman,mahadev,krishna,devotional,aiart",https://www.pinterest.com/pin/267823509086928705/,no
139330182216041768_blur.mp4,Lord shiva #shorts,"Lord shiva

AI-generated devotional art.

#shorts #aibhagwan #hanuman #mahadev #krishna #devotional #aiart

#Shorts #AIBhagwan","shorts,aibhagwan,hanuman,mahadev,krishna,devotional,aiart",https://www.pinterest.com/pin/139330182216041768/,no
129760033008115969_blur.mp4,"In the dance of creation, Shiva's meditative heart awakens to… #shorts","In the dance of creation, Shiva's meditative heart awakens to…

AI-generated devotional art.

#shorts #aibhagwan #hanuman #mahadev #krishna #devotional #aiart

#Shorts #AIBhagwan","shorts,aibhagwan,hanuman,mahadev,krishna,devotional,aiart",https://www.pinterest.com/pin/129760033008115969/,no
59672763809510283_blur.mp4,har har Mahadev #shorts,"har har Mahadev

AI-generated devotional art.

#shorts #aibhagwan #hanuman #mahadev #krishna #devotional #aiart

#Shorts #AIBhagwan","shorts,aibhagwan,hanuman,mahadev,krishna,devotional,aiart",https://www.pinterest.com/pin/59672763809510283/,no
48765608461020969_blur.mp4,Mahadev #shorts,"Mahadev

AI-generated devotional art.

#shorts #aibhagwan #hanuman #mahadev #krishna #devotional #aiart

#Shorts #AIBhagwan","shorts,aibhagwan,hanuman,mahadev,krishna,devotional,aiart",https://www.pinterest.com/pin/48765608461020969/,no
42502790234090960_blur.mp4,baba 😌❤️🔱 #shorts,"baba 😌❤️🔱

AI-generated devotional art.

#shorts #aibhagwan #hanuman #mahadev #krishna #devotional #aiart

#Shorts #AIBhagwan","shorts,aibhagwan,hanuman,mahadev,krishna,devotional,aiart",https://www.pinterest.com/pin/42502790234090960/,no
609041549655064073_blur.mp4,Mahadev #shorts,"Mahadev

AI-generated devotional art.

#shorts #aibhagwan #hanuman #mahadev #krishna #devotional #aiart

#Shorts #AIBhagwan","shorts,aibhagwan,hanuman,mahadev,krishna,devotional,aiart",https://www.pinterest.com/pin/609041549655064073/,no
595671488260207705_blur.mp4,Ak3il #shorts,"Ak3il

AI-generated devotional art.

#shorts #aibhagwan #hanuman #mahadev #krishna #devotional #aiart

#Shorts #AIBhagwan","shorts,aibhagwan,hanuman,mahadev,krishna,devotional,aiart",https://www.pinterest.com/pin/595671488260207705/,no
6333255724953702_blur.mp4,"Radhe Radhe! 🌸 Happy Janmashtami!"" #shorts","Radhe Radhe! 🌸 Happy Janmashtami!""

AI-generated devotional art.

#shorts #aibhagwan #hanuman #mahadev #krishna #devotional #aiart

#Shorts #AIBhagwan","shorts,aibhagwan,hanuman,mahadev,krishna,devotional,aiart",https://www.pinterest.com/pin/6333255724953702/,no
45739752463291321_blur.mp4,Hare Krishna Hare Rama Mahamantra Jaap | ISKCON Style Chant… #shorts,"Hare Krishna Hare Rama Mahamantra Jaap | ISKCON Style Chant…

AI-generated devotional art.

#shorts #aibhagwan #hanuman #mahadev #krishna #devotional #aiart

#Shorts #AIBhagwan","shorts,aibhagwan,hanuman,mahadev,krishna,devotional,aiart",https://www.pinterest.com/pin/45739752463291321/,no
165296248819836783_blur.mp4,jai Shree Krishna and Radha ji 💖🙏 #shorts,"jai Shree Krishna and Radha ji 💖🙏

AI-generated devotional art.

#shorts #aibhagwan #hanuman #mahadev #krishna #devotional #aiart

#Shorts #AIBhagwan","shorts,aibhagwan,hanuman,mahadev,krishna,devotional,aiart",https://www.pinterest.com/pin/165296248819836783/,no
55943220366227133_blur.mp4,srikrishna #shorts,"srikrishna

AI-generated devotional art.

#shorts #aibhagwan #hanuman #mahadev #krishna #devotional #aiart

#Shorts #AIBhagwan","shorts,aibhagwan,hanuman,mahadev,krishna,devotional,aiart",https://www.pinterest.com/pin/55943220366227133/,no
479211216622558455_blur.mp4,cute Krishna #shorts,"cute Krishna

AI-generated devotional art.

#shorts #aibhagwan #hanuman #mahadev #krishna #devotional #aiart

#Shorts #AIBhagwan","shorts,aibhagwan,hanuman,mahadev,krishna,devotional,aiart",https://www.pinterest.com/pin/479211216622558455/,no
305822630967907202_blur.mp4,Ram #shorts,"Ram

AI-generated devotional art.

#shorts #aibhagwan #hanuman #mahadev #krishna #devotional #aiart

#Shorts #AIBhagwan","shorts,aibhagwan,hanuman,mahadev,krishna,devotional,aiart",https://www.pinterest.com/pin/305822630967907202/,no
48765608460557092_blur.mp4,Jai Shri Ram #shorts,"Jai Shri Ram

AI-generated devotional art.

#shorts #aibhagwan #hanuman #mahadev #krishna #devotional #aiart

#Shorts #AIBhagwan","shorts,aibhagwan,hanuman,mahadev,krishna,devotional,aiart",https://www.pinterest.com/pin/48765608460557092/,no
611434086955501677_blur.mp4,Cute Ram Sita Video | Lord Ram Aesthetic & Shree Ram and Sita… #shorts,"Cute Ram Sita Video | Lord Ram Aesthetic & Shree Ram and Sita…

AI-generated devotional art.

#shorts #aibhagwan #hanuman #mahadev #krishna #devotional #aiart

#Shorts #AIBhagwan","shorts,aibhagwan,hanuman,mahadev,krishna,devotional,aiart",https://www.pinterest.com/pin/611434086955501677/,no
18155204744205222_blur.mp4,Sree Ram #shorts,"Sree Ram

AI-generated devotional art.

#shorts #aibhagwan #hanuman #mahadev #krishna #devotional #aiart

#Shorts #AIBhagwan","shorts,aibhagwan,hanuman,mahadev,krishna,devotional,aiart",https://www.pinterest.com/pin/18155204744205222/,no
9288742977158868_blur.mp4,beutyfull god video jai ganesha #shorts,"beutyfull god video jai ganesha

AI-generated devotional art.

#shorts #aibhagwan #hanuman #mahadev #krishna #devotional #aiart

#Shorts #AIBhagwan","shorts,aibhagwan,hanuman,mahadev,krishna,devotional,aiart",https://www.pinterest.com/pin/9288742977158868/,no
416864509282769700_blur.mp4,ganesh bhagwan dandiya khelte hue 🌸🙏 #shorts,"ganesh bhagwan dandiya khelte hue 🌸🙏

AI-generated devotional art.

#shorts #aibhagwan #hanuman #mahadev #krishna #devotional #aiart

#Shorts #AIBhagwan","shorts,aibhagwan,hanuman,mahadev,krishna,devotional,aiart",https://www.pinterest.com/pin/416864509282769700/,no
56435801578599431_blur.mp4,Bal Ganesha Playing with clouds #shorts,"Bal Ganesha Playing with clouds

AI-generated devotional art.

#shorts #aibhagwan #hanuman #mahadev #krishna #devotional #aiart

#Shorts #AIBhagwan","shorts,aibhagwan,hanuman,mahadev,krishna,devotional,aiart",https://www.pinterest.com/pin/56435801578599431/,no
68891069300937277_blur.mp4,Ganpati bappa #shorts,"Ganpati bappa

AI-generated devotional art.

#shorts #aibhagwan #hanuman #mahadev #krishna #devotional #aiart

#Shorts #AIBhagwan","shorts,aibhagwan,hanuman,mahadev,krishna,devotional,aiart",https://www.pinterest.com/pin/68891069300937277/,no
85075880457236368_blur.mp4,Ai video #shorts,"Ai video

AI-generated devotional art.

#shorts #aibhagwan #hanuman #mahadev #krishna #devotional #aiart

#Shorts #AIBhagwan","shorts,aibhagwan,hanuman,mahadev,krishna,devotional,aiart",https://www.pinterest.com/pin/85075880457236368/,no
8373949303368503_blur.mp4,श्री लालबाग चा राजा 💖🙇🏻 #shorts,"श्री लालबाग चा राजा 💖🙇🏻

AI-generated devotional art.

#shorts #aibhagwan #hanuman #mahadev #krishna #devotional #aiart

#Shorts #AIBhagwan","shorts,aibhagwan,hanuman,mahadev,krishna,devotional,aiart",https://www.pinterest.com/pin/8373949303368503/,no
23151385579835029_blur.mp4,Pinterest video #23151385579835029 #shorts,"Pinterest video #23151385579835029

AI-generated devotional art.

#shorts #aibhagwan #hanuman #mahadev #krishna #devotional #aiart

#Shorts #AIBhagwan","shorts,aibhagwan,hanuman,mahadev,krishna,devotional,aiart",https://www.pinterest.com/pin/23151385579835029/,no
27936460194758542_blur.mp4,Pinterest video #27936460194758542 #shorts,"Pinterest video #27936460194758542

AI-generated devotional art.

#shorts #aibhagwan #hanuman #mahadev #krishna #devotional #aiart

#Shorts #AIBhagwan","shorts,aibhagwan,hanuman,mahadev,krishna,devotional,aiart",https://www.pinterest.com/pin/27936460194758542/,no
84161086783996151_blur.mp4,Pinterest video #84161086783996151 #shorts,"Pinterest video #84161086783996151

AI-generated devotional art.

#shorts #aibhagwan #hanuman #mahadev #krishna #devotional #aiart

#Shorts #AIBhagwan","shorts,aibhagwan,hanuman,mahadev,krishna,devotional,aiart",https://www.pinterest.com/pin/84161086783996151/,no
297026537947038584_blur.mp4,Durga Puja Status Video ❤🥰 _ Coming Soon Durga Puja Status 2025 _… #shorts,"Durga Puja Status Video ❤🥰 _ Coming Soon Durga Puja Status 2025 _…

AI-generated devotional art.

#shorts #aibhagwan #hanuman #mahadev #krishna #devotional #aiart

#Shorts #AIBhagwan","shorts,aibhagwan,hanuman,mahadev,krishna,devotional,aiart",https://www.pinterest.com/pin/297026537947038584/,no
14144186326157742_blur.mp4,Pinterest video #14144186326157742 #shorts,"Pinterest video #14144186326157742

AI-generated devotional art.

#shorts #aibhagwan #hanuman #mahadev #krishna #devotional #aiart

#Shorts #AIBhagwan","shorts,aibhagwan,hanuman,mahadev,krishna,devotional,aiart",https://www.pinterest.com/pin/14144186326157742/,no
83105555619884570_blur.mp4,Pinterest video #83105555619884570 #shorts,"Pinterest video #83105555619884570

AI-generated devotional art.

#shorts #aibhagwan #hanuman #mahadev #krishna #devotional #aiart

#Shorts #AIBhagwan","shorts,aibhagwan,hanuman,mahadev,krishna,devotional,aiart",https://www.pinterest.com/pin/83105555619884570/,no
150518812540915432_blur.mp4,Pinterest video #150518812540915432 #shorts,"Pinterest video #150518812540915432

AI-generated devotional art.

#shorts #aibhagwan #hanuman #mahadev #krishna #devotional #aiart

#Shorts #AIBhagwan","shorts,aibhagwan,hanuman,mahadev,krishna,devotional,aiart",https://www.pinterest.com/pin/150518812540915432/,no
4222193395566133_blur.mp4,loard vishnu indian god video trending video #shorts,"loard vishnu indian god video trending video

AI-generated devotional art.

#shorts #aibhagwan #hanuman #mahadev #krishna #devotional #aiart

#Shorts #AIBhagwan","shorts,aibhagwan,hanuman,mahadev,krishna,devotional,aiart",https://www.pinterest.com/pin/4222193395566133/,no
16044142419107466_blur.mp4,Pinterest video #16044142419107466 #shorts,"Pinterest video #16044142419107466

AI-generated devotional art.

#shorts #aibhagwan #hanuman #mahadev #krishna #devotional #aiart

#Shorts #AIBhagwan","shorts,aibhagwan,hanuman,mahadev,krishna,devotional,aiart",https://www.pinterest.com/pin/16044142419107466/,no
14425661318797301_blur.mp4,Pinterest video #14425661318797301 #shorts,"Pinterest video #14425661318797301

AI-generated devotional art.

#shorts #aibhagwan #hanuman #mahadev #krishna #devotional #aiart

#Shorts #AIBhagwan","shorts,aibhagwan,hanuman,mahadev,krishna,devotional,aiart",https://www.pinterest.com/pin/14425661318797301/,no
292522938319187267_blur.mp4,Vishnu animation cinematic edit #shorts,"Vishnu animation cinematic edit

AI-generated devotional art.

#shorts #aibhagwan #hanuman #mahadev #krishna #devotional #aiart

#Shorts #AIBhagwan","shorts,aibhagwan,hanuman,mahadev,krishna,devotional,aiart",https://www.pinterest.com/pin/292522938319187267/,no
85075880457581992_blur.mp4,jai jai #shorts,"jai jai

AI-generated devotional art.

#shorts #aibhagwan #hanuman #mahadev #krishna #devotional #aiart

#Shorts #AIBhagwan","shorts,aibhagwan,hanuman,mahadev,krishna,devotional,aiart",https://www.pinterest.com/pin/85075880457581992/,no
37154765671610794_blur.mp4,Saraswati maa #shorts,"Saraswati maa

AI-generated devotional art.

#shorts #aibhagwan #hanuman #mahadev #krishna #devotional #aiart

#Shorts #AIBhagwan","shorts,aibhagwan,hanuman,mahadev,krishna,devotional,aiart",https://www.pinterest.com/pin/37154765671610794/,no
891360951273863565_blur.mp4,Jai Mata Saraswati ♥️♥️♥️♥️ #shorts,"Jai Mata Saraswati ♥️♥️♥️♥️

AI-generated devotional art.

#shorts #aibhagwan #hanuman #mahadev #krishna #devotional #aiart

#Shorts #AIBhagwan","shorts,aibhagwan,hanuman,mahadev,krishna,devotional,aiart",https://www.pinterest.com/pin/891360951273863565/,no
603200943883677801_blur.mp4,Maa Saraswati 🙏🙏 #shorts,"Maa Saraswati 🙏🙏

AI-generated devotional art.

#shorts #aibhagwan #hanuman #mahadev #krishna #devotional #aiart

#Shorts #AIBhagwan","shorts,aibhagwan,hanuman,mahadev,krishna,devotional,aiart",https://www.pinterest.com/pin/603200943883677801/,no
306807793388225836_blur.mp4,Pinterest video #306807793388225836 #shorts,"Pinterest video #306807793388225836

AI-generated devotional art.

#shorts #aibhagwan #hanuman #mahadev #krishna #devotional #aiart

#Shorts #AIBhagwan","shorts,aibhagwan,hanuman,mahadev,krishna,devotional,aiart",https://www.pinterest.com/pin/306807793388225836/,no
45739752463334495_blur.mp4,Saraswati mata #shorts,"Saraswati mata

AI-generated devotional art.

#shorts #aibhagwan #hanuman #mahadev #krishna #devotional #aiart

#Shorts #AIBhagwan","shorts,aibhagwan,hanuman,mahadev,krishna,devotional,aiart",https://www.pinterest.com/pin/45739752463334495/,no
832321574927223723_blur.mp4,Maa Saraswati Sabke Ghar Aaiye 🙏 | New Saraswati Puja Status 2026 #shorts,"Maa Saraswati Sabke Ghar Aaiye 🙏 | New Saraswati Puja Status 2026

AI-generated devotional art.

#shorts #aibhagwan #hanuman #mahadev #krishna #devotional #aiart

#Shorts #AIBhagwan","shorts,aibhagwan,hanuman,mahadev,krishna,devotional,aiart",https://www.pinterest.com/pin/832321574927223723/,no
9570217953876327_blur.mp4,Pinterest video #9570217953876327 #shorts,"Pinterest video #9570217953876327

AI-generated devotional art.

#shorts #aibhagwan #hanuman #mahadev #krishna #devotional #aiart

#Shorts #AIBhagwan","shorts,aibhagwan,hanuman,mahadev,krishna,devotional,aiart",https://www.pinterest.com/pin/9570217953876327/,no
85075880457487087_blur.mp4,Laxmi mata #shorts,"Laxmi mata

AI-generated devotional art.

#shorts #aibhagwan #hanuman #mahadev #krishna #devotional #aiart

#Shorts #AIBhagwan","shorts,aibhagwan,hanuman,mahadev,krishna,devotional,aiart",https://www.pinterest.com/pin/85075880457487087/,no
16325617397337804_blur.mp4,Pinterest video #16325617397337804 #shorts,"Pinterest video #16325617397337804

AI-generated devotional art.

#shorts #aibhagwan #hanuman #mahadev #krishna #devotional #aiart

#Shorts #AIBhagwan","shorts,aibhagwan,hanuman,mahadev,krishna,devotional,aiart",https://www.pinterest.com/pin/16325617397337804/,no
638455684721473347_blur.mp4,ವರಮಹಾಲಕ್ಷ್ಮಿ Devi |varamahalakshmi #shorts,"ವರಮಹಾಲಕ್ಷ್ಮಿ Devi |varamahalakshmi

AI-generated devotional art.

#shorts #aibhagwan #hanuman #mahadev #krishna #devotional #aiart

#Shorts #AIBhagwan","shorts,aibhagwan,hanuman,mahadev,krishna,devotional,aiart",https://www.pinterest.com/pin/638455684721473347/,no
117093659058120738_blur.mp4,Pinterest video #117093659058120738 #shorts,"Pinterest video #117093659058120738

AI-generated devotional art.

#shorts #aibhagwan #hanuman #mahadev #krishna #devotional #aiart

#Shorts #AIBhagwan","shorts,aibhagwan,hanuman,mahadev,krishna,devotional,aiart",https://www.pinterest.com/pin/117093659058120738/,no
43980533856581354_blur.mp4,🌺🌺 #shorts,"🌺🌺

AI-generated devotional art.

#shorts #aibhagwan #hanuman #mahadev #krishna #devotional #aiart

#Shorts #AIBhagwan","shorts,aibhagwan,hanuman,mahadev,krishna,devotional,aiart",https://www.pinterest.com/pin/43980533856581354/,no
52846995623732610_blur.mp4,JOI 🌺MA #shorts,"JOI 🌺MA

AI-generated devotional art.

#shorts #aibhagwan #hanuman #mahadev #krishna #devotional #aiart

#Shorts #AIBhagwan","shorts,aibhagwan,hanuman,mahadev,krishna,devotional,aiart",https://www.pinterest.com/pin/52846995623732610/,no
631278072814700518_blur.mp4,🙏❤️❤️ jai maa kali ❤️❤️🙏 #shorts,"🙏❤️❤️ jai maa kali ❤️❤️🙏

AI-generated devotional art.

#shorts #aibhagwan #hanuman #mahadev #krishna #devotional #aiart

#Shorts #AIBhagwan","shorts,aibhagwan,hanuman,mahadev,krishna,devotional,aiart",https://www.pinterest.com/pin/631278072814700518/,no
366058275987450629_blur.mp4,ma kali 4k video #shorts,"ma kali 4k video

AI-generated devotional art.

#shorts #aibhagwan #hanuman #mahadev #krishna #devotional #aiart

#Shorts #AIBhagwan","shorts,aibhagwan,hanuman,mahadev,krishna,devotional,aiart",https://www.pinterest.com/pin/366058275987450629/,no
218213544441665588_blur.mp4,Pinterest video #218213544441665588 #shorts,"Pinterest video #218213544441665588

AI-generated devotional art.

#shorts #aibhagwan #hanuman #mahadev #krishna #devotional #aiart

#Shorts #AIBhagwan","shorts,aibhagwan,hanuman,mahadev,krishna,devotional,aiart",https://www.pinterest.com/pin/218213544441665588/,no
915427061784528737_blur.mp4,Pinterest video #915427061784528737 #shorts,"Pinterest video #915427061784528737

AI-generated devotional art.

#shorts #aibhagwan #hanuman #mahadev #krishna #devotional #aiart

#Shorts #AIBhagwan","shorts,aibhagwan,hanuman,mahadev,krishna,devotional,aiart",https://www.pinterest.com/pin/915427061784528737/,no
16747829862177640_blur.mp4,Radha Radha❤️❤️ #shorts,"Radha Radha❤️❤️

AI-generated devotional art.

#shorts #aibhagwan #hanuman #mahadev #krishna #devotional #aiart

#Shorts #AIBhagwan","shorts,aibhagwan,hanuman,mahadev,krishna,devotional,aiart",https://www.pinterest.com/pin/16747829862177640/,no
301178293852377836_blur.mp4,khrishna jii #shorts,"khrishna jii

AI-generated devotional art.

#shorts #aibhagwan #hanuman #mahadev #krishna #devotional #aiart

#Shorts #AIBhagwan","shorts,aibhagwan,hanuman,mahadev,krishna,devotional,aiart",https://www.pinterest.com/pin/301178293852377836/,no
12173861490124327_blur.mp4,krishna #shorts,"krishna

AI-generated devotional art.

#shorts #aibhagwan #hanuman #mahadev #krishna #devotional #aiart

#Shorts #AIBhagwan","shorts,aibhagwan,hanuman,mahadev,krishna,devotional,aiart",https://www.pinterest.com/pin/12173861490124327/,no
175358979237798610_blur.mp4,राधा जु प्यारी🥹💗💓😍♥️💞❤️‍🔥💚🫀🤩🙏❤️☺️❣️🥰🧿🫶🥺 #shorts,"राधा जु प्यारी🥹💗💓😍♥️💞❤️‍🔥💚🫀🤩🙏❤️☺️❣️🥰🧿🫶🥺

AI-generated devotional art.

#shorts #aibhagwan #hanuman #mahadev #krishna #devotional #aiart

#Shorts #AIBhagwan","shorts,aibhagwan,hanuman,mahadev,krishna,devotional,aiart",https://www.pinterest.com/pin/175358979237798610/,no
37154765671920184_blur.mp4,"hanuman ji live wallpaper for pc ,mobile👌❤️4K #shorts","hanuman ji live wallpaper for pc ,mobile👌❤️4K

AI-generated devotional art.

#shorts #aibhagwan #hanuman #mahadev #krishna #devotional #aiart

#Shorts #AIBhagwan","shorts,aibhagwan,hanuman,mahadev,krishna,devotional,aiart",https://www.pinterest.com/pin/37154765671920184/,no
262123640807897875_blur.mp4,Pinterest video #262123640807897875 #shorts,"Pinterest video #262123640807897875

AI-generated devotional art.

#shorts #aibhagwan #hanuman #mahadev #krishna #devotional #aiart

#Shorts #AIBhagwan","shorts,aibhagwan,hanuman,mahadev,krishna,devotional,aiart",https://www.pinterest.com/pin/262123640807897875/,no
83105555619878827_blur.mp4,Mahakaal Ai Video #shorts,"Mahakaal Ai Video

AI-generated devotional art.

#shorts #aibhagwan #hanuman #mahadev #krishna #devotional #aiart

#Shorts #AIBhagwan","shorts,aibhagwan,hanuman,mahadev,krishna,devotional,aiart",https://www.pinterest.com/pin/83105555619878827/,no
297730225388303639_blur.mp4,Krishna — DIVINE EYES LEELA #shorts,"Krishna — DIVINE EYES LEELA

AI-generated devotional art.

#shorts #aibhagwan #hanuman #mahadev #krishna #devotional #aiart

#Shorts #AIBhagwan","shorts,aibhagwan,hanuman,mahadev,krishna,devotional,aiart",https://www.pinterest.com/pin/297730225388303639/,no
1130192469037109243_blur.mp4,durga maa #shorts,"durga maa

AI-generated devotional art.

#shorts #aibhagwan #hanuman #mahadev #krishna #devotional #aiart

#Shorts #AIBhagwan","shorts,aibhagwan,hanuman,mahadev,krishna,devotional,aiart",https://www.pinterest.com/pin/1130192469037109243/,no
965670345122390902_blur.mp4,Pinterest video #965670345122390902 #shorts,"Pinterest video #965670345122390902

AI-generated devotional art.

#shorts #aibhagwan #hanuman #mahadev #krishna #devotional #aiart

#Shorts #AIBhagwan","shorts,aibhagwan,hanuman,mahadev,krishna,devotional,aiart",https://www.pinterest.com/pin/965670345122390902/,no
730005420893558846_blur.mp4,Shree Ram Ki Ganli Me Tum Jana Waha Nachte Milenge Hanumana | Ram… #shorts,"Shree Ram Ki Ganli Me Tum Jana Waha Nachte Milenge Hanumana | Ram…

AI-generated devotional art.

#shorts #aibhagwan #hanuman #mahadev #krishna #devotional #aiart

#Shorts #AIBhagwan","shorts,aibhagwan,hanuman,mahadev,krishna,devotional,aiart",https://www.pinterest.com/pin/730005420893558846/,no
17451517302470427_blur.mp4,Pinterest video #17451517302470427 #shorts,"Pinterest video #17451517302470427

AI-generated devotional art.

#shorts #aibhagwan #hanuman #mahadev #krishna #devotional #aiart

#Shorts #AIBhagwan","shorts,aibhagwan,hanuman,mahadev,krishna,devotional,aiart",https://www.pinterest.com/pin/17451517302470427/,no
808044358187325417_blur.mp4,Cute Baby Shiva Shravan AI Video ❤️🌿 #shorts,"Cute Baby Shiva Shravan AI Video ❤️🌿

AI-generated devotional art.

#shorts #aibhagwan #hanuman #mahadev #krishna #devotional #aiart

#Shorts #AIBhagwan","shorts,aibhagwan,hanuman,mahadev,krishna,devotional,aiart",https://www.pinterest.com/pin/808044358187325417/,no
1007047166694817425_blur.mp4,Pinterest video #1007047166694817425 #shorts,"Pinterest video #1007047166694817425

AI-generated devotional art.

#shorts #aibhagwan #hanuman #mahadev #krishna #devotional #aiart

#Shorts #AIBhagwan","shorts,aibhagwan,hanuman,mahadev,krishna,devotional,aiart",https://www.pinterest.com/pin/1007047166694817425/,no
1140184830692976381_blur.mp4,Krishna funny shorts video 😂 #shorts,"Krishna funny shorts video 😂

AI-generated devotional art.

#shorts #aibhagwan #hanuman #mahadev #krishna #devotional #aiart

#Shorts #AIBhagwan","shorts,aibhagwan,hanuman,mahadev,krishna,devotional,aiart",https://www.pinterest.com/pin/1140184830692976381/,no
15692298697416891_blur.mp4,shree krishna video #shorts,"shree krishna video

AI-generated devotional art.

#shorts #aibhagwan #hanuman #mahadev #krishna #devotional #aiart

#Shorts #AIBhagwan","shorts,aibhagwan,hanuman,mahadev,krishna,devotional,aiart",https://www.pinterest.com/pin/15692298697416891/,no
581527370678199518_blur.mp4,Ak3il #shorts,"Ak3il

AI-generated devotional art.

#shorts #aibhagwan #hanuman #mahadev #krishna #devotional #aiart

#Shorts #AIBhagwan","shorts,aibhagwan,hanuman,mahadev,krishna,devotional,aiart",https://www.pinterest.com/pin/581527370678199518/,no
47921183529444847_blur.mp4,cute Krishna ❤️ #shorts,"cute Krishna ❤️

AI-generated devotional art.

#shorts #aibhagwan #hanuman #mahadev #krishna #devotional #aiart

#Shorts #AIBhagwan","shorts,aibhagwan,hanuman,mahadev,krishna,devotional,aiart",https://www.pinterest.com/pin/47921183529444847/,no
1111404014307833977_blur.mp4,Pinterest video #1111404014307833977 #shorts,"Pinterest video #1111404014307833977

AI-generated devotional art.

#shorts #aibhagwan #hanuman #mahadev #krishna #devotional #aiart

#Shorts #AIBhagwan","shorts,aibhagwan,hanuman,mahadev,krishna,devotional,aiart",https://www.pinterest.com/pin/1111404014307833977/,no
8162843070201084_blur.mp4,Battering ram #shorts,"Battering ram

AI-generated devotional art.

#shorts #aibhagwan #hanuman #mahadev #krishna #devotional #aiart

#Shorts #AIBhagwan","shorts,aibhagwan,hanuman,mahadev,krishna,devotional,aiart",https://www.pinterest.com/pin/8162843070201084/,no
16325617397271685_blur.mp4,Bal Ram Ji Divine Cute Look ✨ #shorts,"Bal Ram Ji Divine Cute Look ✨

AI-generated devotional art.

#shorts #aibhagwan #hanuman #mahadev #krishna #devotional #aiart

#Shorts #AIBhagwan","shorts,aibhagwan,hanuman,mahadev,krishna,devotional,aiart",https://www.pinterest.com/pin/16325617397271685/,no
1132444268827282201_blur.mp4,ganesh bhagwan dandiya khelte hue 🌸🙏 #shorts,"ganesh bhagwan dandiya khelte hue 🌸🙏

AI-generated devotional art.

#shorts #aibhagwan #hanuman #mahadev #krishna #devotional #aiart

#Shorts #AIBhagwan","shorts,aibhagwan,hanuman,mahadev,krishna,devotional,aiart",https://www.pinterest.com/pin/1132444268827282201/,no
103793966406277703_blur.mp4,Ganpati Bappa #shorts,"Ganpati Bappa

AI-generated devotional art.

#shorts #aibhagwan #hanuman #mahadev #krishna #devotional #aiart

#Shorts #AIBhagwan","shorts,aibhagwan,hanuman,mahadev,krishna,devotional,aiart",https://www.pinterest.com/pin/103793966406277703/,no
91901648641468953_blur.mp4,🌺🌺 #shorts,"🌺🌺

AI-generated devotional art.

#shorts #aibhagwan #hanuman #mahadev #krishna #devotional #aiart

#Shorts #AIBhagwan","shorts,aibhagwan,hanuman,mahadev,krishna,devotional,aiart",https://www.pinterest.com/pin/91901648641468953/,no
34762228370019491_blur.mp4,Happy Ganesh Chaturthi | Ganesh Ji | Ganesh Video Status | Ganpati… #shorts,"Happy Ganesh Chaturthi | Ganesh Ji | Ganesh Video Status | Ganpati…

AI-generated devotional art.

#shorts #aibhagwan #hanuman #mahadev #krishna #devotional #aiart

#Shorts #AIBhagwan","shorts,aibhagwan,hanuman,mahadev,krishna,devotional,aiart",https://www.pinterest.com/pin/34762228370019491/,no
667940188530378213_blur.mp4,Durga puja #shorts,"Durga puja

AI-generated devotional art.

#shorts #aibhagwan #hanuman #mahadev #krishna #devotional #aiart

#Shorts #AIBhagwan","shorts,aibhagwan,hanuman,mahadev,krishna,devotional,aiart",https://www.pinterest.com/pin/667940188530378213/,no
1150810511080824841_blur.mp4,Pinterest video #1150810511080824841 #shorts,"Pinterest video #1150810511080824841

AI-generated devotional art.

#shorts #aibhagwan #hanuman #mahadev #krishna #devotional #aiart

#Shorts #AIBhagwan","shorts,aibhagwan,hanuman,mahadev,krishna,devotional,aiart",https://www.pinterest.com/pin/1150810511080824841/,no
4433299629822452_blur.mp4,Pinterest video #4433299629822452 #shorts,"Pinterest video #4433299629822452

AI-generated devotional art.

#shorts #aibhagwan #hanuman #mahadev #krishna #devotional #aiart

#Shorts #AIBhagwan","shorts,aibhagwan,hanuman,mahadev,krishna,devotional,aiart",https://www.pinterest.com/pin/4433299629822452/,no
891572057501718988_blur.mp4,Beautiful Maa Saraswati Digital AI Art | Serene Musical Aesthetic… #shorts,"Beautiful Maa Saraswati Digital AI Art | Serene Musical Aesthetic…

AI-generated devotional art.

#shorts #aibhagwan #hanuman #mahadev #krishna #devotional #aiart

#Shorts #AIBhagwan","shorts,aibhagwan,hanuman,mahadev,krishna,devotional,aiart",https://www.pinterest.com/pin/891572057501718988/,no
83105555619525097_blur.mp4,Pinterest video #83105555619525097 #shorts,"Pinterest video #83105555619525097

AI-generated devotional art.

#shorts #aibhagwan #hanuman #mahadev #krishna #devotional #aiart

#Shorts #AIBhagwan","shorts,aibhagwan,hanuman,mahadev,krishna,devotional,aiart",https://www.pinterest.com/pin/83105555619525097/,no
1087197166323672675_blur.mp4,maa kali editing 4K video 📷 #shorts,"maa kali editing 4K video 📷

AI-generated devotional art.

#shorts #aibhagwan #hanuman #mahadev #krishna #devotional #aiart

#Shorts #AIBhagwan","shorts,aibhagwan,hanuman,mahadev,krishna,devotional,aiart",https://www.pinterest.com/pin/1087197166323672675/,no
648096202674962165_blur.mp4,🙏❤️❤️ jai maa kali stotram ❤️❤️🙏 #shorts,"🙏❤️❤️ jai maa kali stotram ❤️❤️🙏

AI-generated devotional art.

#shorts #aibhagwan #hanuman #mahadev #krishna #devotional #aiart

#Shorts #AIBhagwan","shorts,aibhagwan,hanuman,mahadev,krishna,devotional,aiart",https://www.pinterest.com/pin/648096202674962165/,no
147352219052519892_blur.mp4,Pinterest video #147352219052519892 #shorts,"Pinterest video #147352219052519892

AI-generated devotional art.

#shorts #aibhagwan #hanuman #mahadev #krishna #devotional #aiart

#Shorts #AIBhagwan","shorts,aibhagwan,hanuman,mahadev,krishna,devotional,aiart",https://www.pinterest.com/pin/147352219052519892/,no
958985314426684820_blur.mp4,little krishna and bholenath comedy video #shorts,"little krishna and bholenath comedy video

AI-generated devotional art.

#shorts #aibhagwan #hanuman #mahadev #krishna #devotional #aiart

#Shorts #AIBhagwan","shorts,aibhagwan,hanuman,mahadev,krishna,devotional,aiart",https://www.pinterest.com/pin/958985314426684820/,no
743445851023919963_blur.mp4,radha krishna #shorts,"radha krishna

AI-generated devotional art.

#shorts #aibhagwan #hanuman #mahadev #krishna #devotional #aiart

#Shorts #AIBhagwan","shorts,aibhagwan,hanuman,mahadev,krishna,devotional,aiart",https://www.pinterest.com/pin/743445851023919963/,no
2462974792836927_blur.mp4,shree bal krishna #shorts,"shree bal krishna

AI-generated devotional art.

#shorts #aibhagwan #hanuman #mahadev #krishna #devotional #aiart

#Shorts #AIBhagwan","shorts,aibhagwan,hanuman,mahadev,krishna,devotional,aiart",https://www.pinterest.com/pin/2462974792836927/,no
176133035424936333_blur.mp4,Lord Krishna AI Animation | Magical Flute Music Vibes | Divine… #shorts,"Lord Krishna AI Animation | Magical Flute Music Vibes | Divine…

AI-generated devotional art.

#shorts #aibhagwan #hanuman #mahadev #krishna #devotional #aiart

#Shorts #AIBhagwan","shorts,aibhagwan,hanuman,mahadev,krishna,devotional,aiart",https://www.pinterest.com/pin/176133035424936333/,no
48765608461187507_blur.mp4,#Hanuman janmotsav #shorts,"#Hanuman janmotsav

AI-generated devotional art.

#shorts #aibhagwan #hanuman #mahadev #krishna #devotional #aiart

#Shorts #AIBhagwan","shorts,aibhagwan,hanuman,mahadev,krishna,devotional,aiart",https://www.pinterest.com/pin/48765608461187507/,no
538391330476472973_blur.mp4,Bal Hanuman Divine Cute Form #shorts,"Bal Hanuman Divine Cute Form

AI-generated devotional art.

#shorts #aibhagwan #hanuman #mahadev #krishna #devotional #aiart

#Shorts #AIBhagwan","shorts,aibhagwan,hanuman,mahadev,krishna,devotional,aiart",https://www.pinterest.com/pin/538391330476472973/,no
6966574421330477_blur.mp4,Pinterest video #6966574421330477 #shorts,"Pinterest video #6966574421330477

AI-generated devotional art.

#shorts #aibhagwan #hanuman #mahadev #krishna #devotional #aiart

#Shorts #AIBhagwan","shorts,aibhagwan,hanuman,mahadev,krishna,devotional,aiart",https://www.pinterest.com/pin/6966574421330477/,no
605734218676639084_blur.mp4,Pinterest video #605734218676639084 #shorts,"Pinterest video #605734218676639084

AI-generated devotional art.

#shorts #aibhagwan #hanuman #mahadev #krishna #devotional #aiart

#Shorts #AIBhagwan","shorts,aibhagwan,hanuman,mahadev,krishna,devotional,aiart",https://www.pinterest.com/pin/605734218676639084/,no
18507048522035315_blur.mp4,LADDU GOPAL #shorts,"LADDU GOPAL

AI-generated devotional art.

#shorts #aibhagwan #hanuman #mahadev #krishna #devotional #aiart

#Shorts #AIBhagwan","shorts,aibhagwan,hanuman,mahadev,krishna,devotional,aiart",https://www.pinterest.com/pin/18507048522035315/,no
83105555620108611_blur.mp4,"“Jai Hanuman 🙏🔥 | Power, Devotion & Fearless Bhakti of Bajrangbali” #shorts","“Jai Hanuman 🙏🔥 | Power, Devotion & Fearless Bhakti of Bajrangbali”

AI-generated devotional art.

#shorts #aibhagwan #hanuman #mahadev #krishna #devotional #aiart

#Shorts #AIBhagwan","shorts,aibhagwan,hanuman,mahadev,krishna,devotional,aiart",https://www.pinterest.com/pin/83105555620108611/,no
48765608461116460_blur.mp4,vishnu #shorts,"vishnu

AI-generated devotional art.

#shorts #aibhagwan #hanuman #mahadev #krishna #devotional #aiart

#Shorts #AIBhagwan","shorts,aibhagwan,hanuman,mahadev,krishna,devotional,aiart",https://www.pinterest.com/pin/48765608461116460/,no
1149192029952873066_blur.mp4,Ganesh Ji #ganeshji #vinayaka #God #devotion #shorts,"Ganesh Ji #ganeshji #vinayaka #God #devotion

AI-generated devotional art.

#shorts #aibhagwan #hanuman #mahadev #krishna #devotional #aiart

#Shorts #AIBhagwan","shorts,aibhagwan,hanuman,mahadev,krishna,devotional,aiart",https://www.pinterest.com/pin/1149192029952873066/,no
675328906667251458_blur.mp4,Pinterest video #675328906667251458 #shorts,"Pinterest video #675328906667251458

AI-generated devotional art.

#shorts #aibhagwan #hanuman #mahadev #krishna #devotional #aiart

#Shorts #AIBhagwan","shorts,aibhagwan,hanuman,mahadev,krishna,devotional,aiart",https://www.pinterest.com/pin/675328906667251458/,no
85075880456736987_blur.mp4,durga mata #shorts,"durga mata

AI-generated devotional art.

#shorts #aibhagwan #hanuman #mahadev #krishna #devotional #aiart

#Shorts #AIBhagwan","shorts,aibhagwan,hanuman,mahadev,krishna,devotional,aiart",https://www.pinterest.com/pin/85075880456736987/,no
945615252996481671_blur.mp4,Ram animation video #animation #ram #ramtemple #jaishriram… #shorts,"Ram animation video #animation #ram #ramtemple #jaishriram…

AI-generated devotional art.

#shorts #aibhagwan #hanuman #mahadev #krishna #devotional #aiart

#Shorts #AIBhagwan","shorts,aibhagwan,hanuman,mahadev,krishna,devotional,aiart",https://www.pinterest.com/pin/945615252996481671/,no
2251868558916219_blur.mp4,ram #viral #shorts,"ram #viral

AI-generated devotional art.

#shorts #aibhagwan #hanuman #mahadev #krishna #devotional #aiart

#Shorts #AIBhagwan","shorts,aibhagwan,hanuman,mahadev,krishna,devotional,aiart",https://www.pinterest.com/pin/2251868558916219/,no
36873290699540345_blur.mp4,Ram Navami Status Video 2024 | Ram Navami Festival #shorts,"Ram Navami Status Video 2024 | Ram Navami Festival

AI-generated devotional art.

#shorts #aibhagwan #hanuman #mahadev #krishna #devotional #aiart

#Shorts #AIBhagwan","shorts,aibhagwan,hanuman,mahadev,krishna,devotional,aiart",https://www.pinterest.com/pin/36873290699540345/,no
84161086784011008_blur.mp4,Ram Ram #shorts,"Ram Ram

AI-generated devotional art.

#shorts #aibhagwan #hanuman #mahadev #krishna #devotional #aiart

#Shorts #AIBhagwan","shorts,aibhagwan,hanuman,mahadev,krishna,devotional,aiart",https://www.pinterest.com/pin/84161086784011008/,no
48765608461417248_blur.mp4,Rama🙏 #shorts,"Rama🙏

AI-generated devotional art.

#shorts #aibhagwan #hanuman #mahadev #krishna #devotional #aiart

#Shorts #AIBhagwan","shorts,aibhagwan,hanuman,mahadev,krishna,devotional,aiart",https://www.pinterest.com/pin/48765608461417248/,no
36873290696862871_blur.mp4,Ram Navami Status Video 2023 | Ram Navami Festival #shorts,"Ram Navami Status Video 2023 | Ram Navami Festival

AI-generated devotional art.

#shorts #aibhagwan #hanuman #mahadev #krishna #devotional #aiart

#Shorts #AIBhagwan","shorts,aibhagwan,hanuman,mahadev,krishna,devotional,aiart",https://www.pinterest.com/pin/36873290696862871/,no
